mgenreId,movieId,genre
1,267,unknown
2,1373,unknown
3,2,Action
4,4,Action
5,17,Action
6,21,Action
7,22,Action
8,24,Action
9,27,Action
10,28,Action
11,29,Action
12,33,Action
13,39,Action
14,50,Action
15,53,Action
16,54,Action
17,62,Action
18,68,Action
19,73,Action
20,74,Action
21,79,Action
22,80,Action
23,82,Action
24,92,Action
25,96,Action
26,101,Action
27,110,Action
28,117,Action
29,118,Action
30,121,Action
31,127,Action
32,128,Action
33,144,Action
34,145,Action
35,147,Action
36,148,Action
37,161,Action
38,164,Action
39,172,Action
40,173,Action
41,174,Action
42,176,Action
43,177,Action
44,181,Action
45,183,Action
46,184,Action
47,186,Action
48,187,Action
49,188,Action
50,195,Action
51,201,Action
52,207,Action
53,210,Action
54,222,Action
55,226,Action
56,227,Action
57,228,Action
58,229,Action
59,230,Action
60,231,Action
61,232,Action
62,233,Action
63,234,Action
64,235,Action
65,241,Action
66,244,Action
67,245,Action
68,247,Action
69,250,Action
70,252,Action
71,254,Action
72,257,Action
73,260,Action
74,263,Action
75,265,Action
76,266,Action
77,271,Action
78,273,Action
79,281,Action
80,295,Action
81,298,Action
82,300,Action
83,313,Action
84,314,Action
85,323,Action
86,326,Action
87,328,Action
88,334,Action
89,339,Action
90,343,Action
91,349,Action
92,350,Action
93,353,Action
94,358,Action
95,362,Action
96,363,Action
97,373,Action
98,374,Action
99,380,Action
100,385,Action
101,388,Action
102,391,Action
103,397,Action
104,398,Action
105,399,Action
106,403,Action
107,405,Action
108,426,Action
109,431,Action
110,435,Action
111,449,Action
112,450,Action
113,452,Action
114,453,Action
115,455,Action
116,456,Action
117,472,Action
118,491,Action
119,498,Action
120,510,Action
121,515,Action
122,526,Action
123,540,Action
124,541,Action
125,546,Action
126,550,Action
127,554,Action
128,562,Action
129,566,Action
130,568,Action
131,572,Action
132,576,Action
133,578,Action
134,586,Action
135,590,Action
136,597,Action
137,599,Action
138,631,Action
139,636,Action
140,651,Action
141,665,Action
142,668,Action
143,679,Action
144,680,Action
145,684,Action
146,685,Action
147,686,Action
148,689,Action
149,720,Action
150,743,Action
151,748,Action
152,751,Action
153,752,Action
154,755,Action
155,759,Action
156,761,Action
157,769,Action
158,771,Action
159,779,Action
160,797,Action
161,798,Action
162,802,Action
163,803,Action
164,806,Action
165,808,Action
166,809,Action
167,810,Action
168,825,Action
169,827,Action
170,829,Action
171,830,Action
172,831,Action
173,833,Action
174,838,Action
175,840,Action
176,841,Action
177,849,Action
178,855,Action
179,876,Action
180,879,Action
181,881,Action
182,890,Action
183,897,Action
184,912,Action
185,916,Action
186,917,Action
187,930,Action
188,976,Action
189,977,Action
190,982,Action
191,1013,Action
192,1016,Action
193,1019,Action
194,1025,Action
195,1027,Action
196,1034,Action
197,1076,Action
198,1087,Action
199,1088,Action
200,1089,Action
201,1105,Action
202,1110,Action
203,1138,Action
204,1139,Action
205,1161,Action
206,1180,Action
207,1181,Action
208,1183,Action
209,1188,Action
210,1215,Action
211,1222,Action
212,1228,Action
213,1231,Action
214,1239,Action
215,1244,Action
216,1250,Action
217,1277,Action
218,1303,Action
219,1304,Action
220,1314,Action
221,1358,Action
222,1362,Action
223,1364,Action
224,1365,Action
225,1372,Action
226,1393,Action
227,1407,Action
228,1413,Action
229,1414,Action
230,1415,Action
231,1416,Action
232,1419,Action
233,1433,Action
234,1478,Action
235,1483,Action
236,1484,Action
237,1491,Action
238,1523,Action
239,1548,Action
240,1552,Action
241,1556,Action
242,1559,Action
243,1586,Action
244,1595,Action
245,1596,Action
246,1597,Action
247,1610,Action
248,1613,Action
249,1615,Action
250,1618,Action
251,1646,Action
252,1657,Action
253,1673,Action
254,2,Adventure
255,21,Adventure
256,24,Adventure
257,29,Adventure
258,35,Adventure
259,50,Adventure
260,62,Adventure
261,78,Adventure
262,82,Adventure
263,97,Adventure
264,101,Adventure
265,110,Adventure
266,112,Adventure
267,117,Adventure
268,118,Adventure
269,132,Adventure
270,140,Adventure
271,141,Adventure
272,142,Adventure
273,148,Adventure
274,151,Adventure
275,164,Adventure
276,172,Adventure
277,173,Adventure
278,174,Adventure
279,181,Adventure
280,184,Adventure
281,201,Adventure
282,206,Adventure
283,210,Adventure
284,222,Adventure
285,227,Adventure
286,228,Adventure
287,229,Adventure
288,230,Adventure
289,231,Adventure
290,247,Adventure
291,252,Adventure
292,254,Adventure
293,257,Adventure
294,266,Adventure
295,271,Adventure
296,304,Adventure
297,331,Adventure
298,355,Adventure
299,358,Adventure
300,373,Adventure
301,380,Adventure
302,385,Adventure
303,389,Adventure
304,398,Adventure
305,399,Adventure
306,403,Adventure
307,405,Adventure
308,431,Adventure
309,449,Adventure
310,450,Adventure
311,457,Adventure
312,463,Adventure
313,465,Adventure
314,472,Adventure
315,491,Adventure
316,495,Adventure
317,498,Adventure
318,500,Adventure
319,511,Adventure
320,519,Adventure
321,520,Adventure
322,526,Adventure
323,530,Adventure
324,541,Adventure
325,554,Adventure
326,560,Adventure
327,562,Adventure
328,566,Adventure
329,576,Adventure
330,601,Adventure
331,622,Adventure
332,636,Adventure
333,655,Adventure
334,679,Adventure
335,680,Adventure
336,720,Adventure
337,755,Adventure
338,768,Adventure
339,769,Adventure
340,802,Adventure
341,812,Adventure
342,820,Adventure
343,826,Adventure
344,827,Adventure
345,828,Adventure
346,829,Adventure
347,831,Adventure
348,862,Adventure
349,877,Adventure
350,890,Adventure
351,897,Adventure
352,919,Adventure
353,924,Adventure
354,930,Adventure
355,947,Adventure
356,951,Adventure
357,982,Adventure
358,993,Adventure
359,1013,Adventure
360,1016,Adventure
361,1031,Adventure
362,1033,Adventure
363,1034,Adventure
364,1058,Adventure
365,1060,Adventure
366,1076,Adventure
367,1091,Adventure
368,1105,Adventure
369,1116,Adventure
370,1126,Adventure
371,1133,Adventure
372,1239,Adventure
373,1279,Adventure
374,1293,Adventure
375,1314,Adventure
376,1383,Adventure
377,1411,Adventure
378,1450,Adventure
379,1469,Adventure
380,1480,Adventure
381,1503,Adventure
382,1515,Adventure
383,1523,Adventure
384,1531,Adventure
385,1540,Adventure
386,1555,Adventure
387,1608,Adventure
388,1615,Adventure
389,1,Animation
390,71,Animation
391,95,Animation
392,99,Animation
393,101,Animation
394,102,Animation
395,103,Animation
396,114,Animation
397,169,Animation
398,189,Animation
399,206,Animation
400,240,Animation
401,404,Animation
402,408,Animation
403,418,Animation
404,420,Animation
405,422,Animation
406,426,Animation
407,432,Animation
408,473,Animation
409,501,Animation
410,538,Animation
411,542,Animation
412,588,Animation
413,596,Animation
414,624,Animation
415,625,Animation
416,820,Animation
417,946,Animation
418,969,Animation
419,989,Animation
420,993,Animation
421,1066,Animation
422,1076,Animation
423,1078,Animation
424,1091,Animation
425,1219,Animation
426,1240,Animation
427,1367,Animation
428,1409,Animation
429,1412,Animation
430,1470,Animation
431,1,Children's
432,8,Children's
433,35,Children's
434,63,Children's
435,71,Children's
436,78,Children's
437,91,Children's
438,94,Children's
439,95,Children's
440,99,Children's
441,102,Children's
442,103,Children's
443,112,Children's
444,132,Children's
445,138,Children's
446,139,Children's
447,140,Children's
448,141,Children's
449,142,Children's
450,151,Children's
451,225,Children's
452,243,Children's
453,247,Children's
454,259,Children's
455,261,Children's
456,304,Children's
457,308,Children's
458,314,Children's
459,374,Children's
460,377,Children's
461,383,Children's
462,389,Children's
463,398,Children's
464,400,Children's
465,404,Children's
466,415,Children's
467,416,Children's
468,417,Children's
469,418,Children's
470,419,Children's
471,420,Children's
472,422,Children's
473,423,Children's
474,426,Children's
475,432,Children's
476,457,Children's
477,465,Children's
478,473,Children's
479,477,Children's
480,500,Children's
481,501,Children's
482,538,Children's
483,539,Children's
484,542,Children's
485,548,Children's
486,560,Children's
487,584,Children's
488,588,Children's
489,596,Children's
490,600,Children's
491,622,Children's
492,623,Children's
493,624,Children's
494,625,Children's
495,626,Children's
496,726,Children's
497,755,Children's
498,768,Children's
499,791,Children's
500,795,Children's
501,812,Children's
502,820,Children's
503,828,Children's
504,832,Children's
505,842,Children's
506,843,Children's
507,862,Children's
508,878,Children's
509,892,Children's
510,894,Children's
511,929,Children's
512,932,Children's
513,946,Children's
514,951,Children's
515,969,Children's
516,989,Children's
517,993,Children's
518,996,Children's
519,1003,Children's
520,1015,Children's
521,1031,Children's
522,1032,Children's
523,1033,Children's
524,1060,Children's
525,1063,Children's
526,1066,Children's
527,1076,Children's
528,1078,Children's
529,1091,Children's
530,1133,Children's
531,1164,Children's
532,1200,Children's
533,1219,Children's
534,1279,Children's
535,1292,Children's
536,1293,Children's
537,1336,Children's
538,1383,Children's
539,1409,Children's
540,1412,Children's
541,1415,Children's
542,1444,Children's
543,1469,Children's
544,1470,Children's
545,1473,Children's
546,1480,Children's
547,1503,Children's
548,1531,Children's
549,1540,Children's
550,1555,Children's
551,1608,Children's
552,1615,Children's
553,1,Comedy
554,4,Comedy
555,8,Comedy
556,13,Comedy
557,16,Comedy
558,17,Comedy
559,21,Comedy
560,25,Comedy
561,26,Comedy
562,29,Comedy
563,34,Comedy
564,40,Comedy
565,41,Comedy
566,42,Comedy
567,45,Comedy
568,47,Comedy
569,49,Comedy
570,63,Comedy
571,65,Comedy
572,66,Comedy
573,67,Comedy
574,69,Comedy
575,70,Comedy
576,72,Comedy
577,73,Comedy
578,74,Comedy
579,80,Comedy
580,81,Comedy
581,83,Comedy
582,85,Comedy
583,88,Comedy
584,90,Comedy
585,91,Comedy
586,93,Comedy
587,94,Comedy
588,95,Comedy
589,104,Comedy
590,105,Comedy
591,108,Comedy
592,109,Comedy
593,110,Comedy
594,111,Comedy
595,116,Comedy
596,120,Comedy
597,122,Comedy
598,123,Comedy
599,138,Comedy
600,139,Comedy
601,150,Comedy
602,151,Comedy
603,152,Comedy
604,153,Comedy
605,154,Comedy
606,158,Comedy
607,163,Comedy
608,167,Comedy
609,168,Comedy
610,169,Comedy
611,170,Comedy
612,171,Comedy
613,173,Comedy
614,184,Comedy
615,186,Comedy
616,189,Comedy
617,194,Comedy
618,201,Comedy
619,202,Comedy
620,204,Comedy
621,208,Comedy
622,209,Comedy
623,211,Comedy
624,216,Comedy
625,220,Comedy
626,225,Comedy
627,231,Comedy
628,232,Comedy
629,235,Comedy
630,236,Comedy
631,238,Comedy
632,240,Comedy
633,242,Comedy
634,243,Comedy
635,248,Comedy
636,249,Comedy
637,251,Comedy
638,255,Comedy
639,256,Comedy
640,257,Comedy
641,259,Comedy
642,261,Comedy
643,269,Comedy
644,274,Comedy
645,284,Comedy
646,290,Comedy
647,294,Comedy
648,301,Comedy
649,312,Comedy
650,316,Comedy
651,319,Comedy
652,321,Comedy
653,335,Comedy
654,337,Comedy
655,338,Comedy
656,341,Comedy
657,342,Comedy
658,345,Comedy
659,347,Comedy
660,352,Comedy
661,354,Comedy
662,362,Comedy
663,364,Comedy
664,367,Comedy
665,368,Comedy
666,369,Comedy
667,372,Comedy
668,376,Comedy
669,377,Comedy
670,381,Comedy
671,382,Comedy
672,383,Comedy
673,384,Comedy
674,385,Comedy
675,386,Comedy
676,388,Comedy
677,390,Comedy
678,391,Comedy
679,393,Comedy
680,394,Comedy
681,395,Comedy
682,396,Comedy
683,399,Comedy
684,400,Comedy
685,401,Comedy
686,402,Comedy
687,407,Comedy
688,408,Comedy
689,409,Comedy
690,410,Comedy
691,411,Comedy
692,412,Comedy
693,414,Comedy
694,415,Comedy
695,419,Comedy
696,422,Comedy
697,425,Comedy
698,428,Comedy
699,430,Comedy
700,433,Comedy
701,435,Comedy
702,451,Comedy
703,456,Comedy
704,476,Comedy
705,477,Comedy
706,478,Comedy
707,480,Comedy
708,481,Comedy
709,482,Comedy
710,486,Comedy
711,487,Comedy
712,490,Comedy
713,494,Comedy
714,495,Comedy
715,497,Comedy
716,502,Comedy
717,512,Comedy
718,514,Comedy
719,516,Comedy
720,517,Comedy
721,522,Comedy
722,523,Comedy
723,524,Comedy
724,535,Comedy
725,539,Comedy
726,545,Comedy
727,560,Comedy
728,564,Comedy
729,571,Comedy
730,575,Comedy
731,577,Comedy
732,579,Comedy
733,580,Comedy
734,585,Comedy
735,598,Comedy
736,604,Comedy
737,609,Comedy
738,613,Comedy
739,623,Comedy
740,629,Comedy
741,630,Comedy
742,637,Comedy
743,648,Comedy
744,652,Comedy
745,655,Comedy
746,659,Comedy
747,663,Comedy
748,683,Comedy
749,687,Comedy
750,688,Comedy
751,692,Comedy
752,695,Comedy
753,700,Comedy
754,702,Comedy
755,709,Comedy
756,710,Comedy
757,712,Comedy
758,715,Comedy
759,718,Comedy
760,719,Comedy
761,721,Comedy
762,722,Comedy
763,723,Comedy
764,725,Comedy
765,728,Comedy
766,731,Comedy
767,732,Comedy
768,734,Comedy
769,737,Comedy
770,738,Comedy
771,739,Comedy
772,745,Comedy
773,746,Comedy
774,747,Comedy
775,749,Comedy
776,756,Comedy
777,763,Comedy
778,764,Comedy
779,765,Comedy
780,775,Comedy
781,778,Comedy
782,780,Comedy
783,781,Comedy
784,783,Comedy
785,785,Comedy
786,786,Comedy
787,787,Comedy
788,789,Comedy
789,790,Comedy
790,792,Comedy
791,793,Comedy
792,795,Comedy
793,796,Comedy
794,801,Comedy
795,804,Comedy
796,805,Comedy
797,818,Comedy
798,819,Comedy
799,820,Comedy
800,821,Comedy
801,824,Comedy
802,835,Comedy
803,836,Comedy
804,842,Comedy
805,843,Comedy
806,845,Comedy
807,853,Comedy
808,854,Comedy
809,856,Comedy
810,859,Comedy
811,862,Comedy
812,864,Comedy
813,866,Comedy
814,869,Comedy
815,871,Comedy
816,873,Comedy
817,876,Comedy
818,878,Comedy
819,881,Comedy
820,892,Comedy
821,893,Comedy
822,894,Comedy
823,901,Comedy
824,902,Comedy
825,904,Comedy
826,907,Comedy
827,908,Comedy
828,913,Comedy
829,926,Comedy
830,929,Comedy
831,932,Comedy
832,936,Comedy
833,938,Comedy
834,940,Comedy
835,941,Comedy
836,944,Comedy
837,945,Comedy
838,948,Comedy
839,952,Comedy
840,953,Comedy
841,957,Comedy
842,959,Comedy
843,964,Comedy
844,965,Comedy
845,970,Comedy
846,971,Comedy
847,988,Comedy
848,992,Comedy
849,993,Comedy
850,995,Comedy
851,996,Comedy
852,997,Comedy
853,998,Comedy
854,999,Comedy
855,1000,Comedy
856,1001,Comedy
857,1002,Comedy
858,1003,Comedy
859,1007,Comedy
860,1012,Comedy
861,1014,Comedy
862,1023,Comedy
863,1026,Comedy
864,1028,Comedy
865,1029,Comedy
866,1030,Comedy
867,1032,Comedy
868,1035,Comedy
869,1036,Comedy
870,1037,Comedy
871,1040,Comedy
872,1041,Comedy
873,1043,Comedy
874,1044,Comedy
875,1047,Comedy
876,1048,Comedy
877,1049,Comedy
878,1051,Comedy
879,1052,Comedy
880,1054,Comedy
881,1057,Comedy
882,1059,Comedy
883,1061,Comedy
884,1067,Comedy
885,1070,Comedy
886,1071,Comedy
887,1072,Comedy
888,1074,Comedy
889,1079,Comedy
890,1080,Comedy
891,1092,Comedy
892,1093,Comedy
893,1094,Comedy
894,1095,Comedy
895,1098,Comedy
896,1100,Comedy
897,1102,Comedy
898,1103,Comedy
899,1104,Comedy
900,1110,Comedy
901,1114,Comedy
902,1115,Comedy
903,1118,Comedy
904,1120,Comedy
905,1138,Comedy
906,1140,Comedy
907,1155,Comedy
908,1162,Comedy
909,1165,Comedy
910,1166,Comedy
911,1167,Comedy
912,1170,Comedy
913,1172,Comedy
914,1177,Comedy
915,1178,Comedy
916,1179,Comedy
917,1180,Comedy
918,1181,Comedy
919,1182,Comedy
920,1183,Comedy
921,1185,Comedy
922,1186,Comedy
923,1188,Comedy
924,1190,Comedy
925,1197,Comedy
926,1199,Comedy
927,1202,Comedy
928,1203,Comedy
929,1204,Comedy
930,1206,Comedy
931,1209,Comedy
932,1218,Comedy
933,1219,Comedy
934,1225,Comedy
935,1230,Comedy
936,1234,Comedy
937,1237,Comedy
938,1241,Comedy
939,1242,Comedy
940,1246,Comedy
941,1249,Comedy
942,1251,Comedy
943,1254,Comedy
944,1258,Comedy
945,1259,Comedy
946,1269,Comedy
947,1270,Comedy
948,1271,Comedy
949,1272,Comedy
950,1283,Comedy
951,1286,Comedy
952,1287,Comedy
953,1288,Comedy
954,1291,Comedy
955,1295,Comedy
956,1296,Comedy
957,1298,Comedy
958,1301,Comedy
959,1302,Comedy
960,1305,Comedy
961,1308,Comedy
962,1311,Comedy
963,1312,Comedy
964,1321,Comedy
965,1322,Comedy
966,1333,Comedy
967,1336,Comedy
968,1337,Comedy
969,1339,Comedy
970,1349,Comedy
971,1351,Comedy
972,1356,Comedy
973,1360,Comedy
974,1361,Comedy
975,1371,Comedy
976,1374,Comedy
977,1376,Comedy
978,1377,Comedy
979,1385,Comedy
980,1403,Comedy
981,1404,Comedy
982,1408,Comedy
983,1420,Comedy
984,1424,Comedy
985,1425,Comedy
986,1426,Comedy
987,1428,Comedy
988,1435,Comedy
989,1437,Comedy
990,1444,Comedy
991,1446,Comedy
992,1452,Comedy
993,1456,Comedy
994,1457,Comedy
995,1458,Comedy
996,1460,Comedy
997,1461,Comedy
998,1463,Comedy
999,1465,Comedy
1000,1472,Comedy
1001,1474,Comedy
1002,1475,Comedy
1003,1479,Comedy
1004,1480,Comedy
1005,1484,Comedy
1006,1487,Comedy
1007,1489,Comedy
1008,1490,Comedy
1009,1492,Comedy
1010,1494,Comedy
1011,1496,Comedy
1012,1498,Comedy
1013,1499,Comedy
1014,1500,Comedy
1015,1502,Comedy
1016,1504,Comedy
1017,1507,Comedy
1018,1509,Comedy
1019,1511,Comedy
1020,1513,Comedy
1021,1521,Comedy
1022,1525,Comedy
1023,1527,Comedy
1024,1534,Comedy
1025,1537,Comedy
1026,1544,Comedy
1027,1550,Comedy
1028,1557,Comedy
1029,1567,Comedy
1030,1568,Comedy
1031,1569,Comedy
1032,1570,Comedy
1033,1588,Comedy
1034,1589,Comedy
1035,1593,Comedy
1036,1600,Comedy
1037,1605,Comedy
1038,1609,Comedy
1039,1611,Comedy
1040,1614,Comedy
1041,1620,Comedy
1042,1622,Comedy
1043,1626,Comedy
1044,1627,Comedy
1045,1631,Comedy
1046,1633,Comedy
1047,1644,Comedy
1048,1647,Comedy
1049,1649,Comedy
1050,1654,Comedy
1051,1655,Comedy
1052,1656,Comedy
1053,1659,Comedy
1054,1664,Comedy
1055,1668,Comedy
1056,1670,Comedy
1057,1681,Comedy
1058,5,Crime
1059,11,Crime
1060,12,Crime
1061,17,Crime
1062,24,Crime
1063,29,Crime
1064,39,Crime
1065,55,Crime
1066,56,Crime
1067,72,Crime
1068,76,Crime
1069,92,Crime
1070,100,Crime
1071,120,Crime
1072,127,Crime
1073,129,Crime
1074,130,Crime
1075,156,Crime
1076,182,Crime
1077,187,Crime
1078,194,Crime
1079,231,Crime
1080,239,Crime
1081,248,Crime
1082,254,Crime
1083,273,Crime
1084,293,Crime
1085,299,Crime
1086,302,Crime
1087,307,Crime
1088,309,Crime
1089,312,Crime
1090,327,Crime
1091,329,Crime
1092,332,Crime
1093,334,Crime
1094,336,Crime
1095,346,Crime
1096,348,Crime
1097,361,Crime
1098,396,Crime
1099,403,Crime
1100,482,Crime
1101,504,Crime
1102,544,Crime
1103,547,Crime
1104,576,Crime
1105,583,Crime
1106,611,Crime
1107,628,Crime
1108,642,Crime
1109,649,Crime
1110,653,Crime
1111,656,Crime
1112,754,Crime
1113,770,Crime
1114,802,Crime
1115,806,Crime
1116,823,Crime
1117,844,Crime
1118,902,Crime
1119,911,Crime
1120,914,Crime
1121,991,Crime
1122,1011,Crime
1123,1064,Crime
1124,1069,Crime
1125,1081,Crime
1126,1083,Crime
1127,1104,Crime
1128,1106,Crime
1129,1122,Crime
1130,1138,Crime
1131,1139,Crime
1132,1143,Crime
1133,1151,Crime
1134,1156,Crime
1135,1187,Crime
1136,1191,Crime
1137,1194,Crime
1138,1198,Crime
1139,1208,Crime
1140,1213,Crime
1141,1226,Crime
1142,1235,Crime
1143,1245,Crime
1144,1277,Crime
1145,1280,Crime
1146,1304,Crime
1147,1390,Crime
1148,1439,Crime
1149,1453,Crime
1150,1462,Crime
1151,1478,Crime
1152,1496,Crime
1153,1505,Crime
1154,1510,Crime
1155,1519,Crime
1156,1534,Crime
1157,1560,Crime
1158,1586,Crime
1159,1598,Crime
1160,1604,Crime
1161,1606,Crime
1162,1610,Crime
1163,1618,Crime
1164,1638,Crime
1165,1647,Crime
1166,1669,Crime
1167,32,Documentary
1168,48,Documentary
1169,75,Documentary
1170,115,Documentary
1171,119,Documentary
1172,320,Documentary
1173,360,Documentary
1174,634,Documentary
1175,644,Documentary
1176,645,Documentary
1177,677,Documentary
1178,701,Documentary
1179,757,Documentary
1180,766,Documentary
1181,811,Documentary
1182,813,Documentary
1183,814,Documentary
1184,847,Documentary
1185,850,Documentary
1186,857,Documentary
1187,884,Documentary
1188,954,Documentary
1189,973,Documentary
1190,1022,Documentary
1191,1065,Documentary
1192,1084,Documentary
1193,1128,Documentary
1194,1130,Documentary
1195,1141,Documentary
1196,1142,Documentary
1197,1184,Documentary
1198,1201,Documentary
1199,1232,Documentary
1200,1294,Documentary
1201,1307,Documentary
1202,1318,Documentary
1203,1331,Documentary
1204,1363,Documentary
1205,1366,Documentary
1206,1378,Documentary
1207,1482,Documentary
1208,1497,Documentary
1209,1547,Documentary
1210,1561,Documentary
1211,1562,Documentary
1212,1585,Documentary
1213,1594,Documentary
1214,1629,Documentary
1215,1641,Documentary
1216,1649,Documentary
1217,4,Drama
1218,5,Drama
1219,6,Drama
1220,7,Drama
1221,8,Drama
1222,9,Drama
1223,10,Drama
1224,14,Drama
1225,15,Drama
1226,18,Drama
1227,19,Drama
1228,20,Drama
1229,22,Drama
1230,23,Drama
1231,28,Drama
1232,30,Drama
1233,31,Drama
1234,34,Drama
1235,35,Drama
1236,36,Drama
1237,37,Drama
1238,43,Drama
1239,44,Drama
1240,45,Drama
1241,46,Drama
1242,47,Drama
1243,51,Drama
1244,52,Drama
1245,54,Drama
1246,55,Drama
1247,56,Drama
1248,57,Drama
1249,58,Drama
1250,59,Drama
1251,60,Drama
1252,61,Drama
1253,64,Drama
1254,65,Drama
1255,74,Drama
1256,76,Drama
1257,77,Drama
1258,78,Drama
1259,86,Drama
1260,87,Drama
1261,93,Drama
1262,97,Drama
1263,98,Drama
1264,100,Drama
1265,106,Drama
1266,107,Drama
1267,113,Drama
1268,124,Drama
1269,125,Drama
1270,126,Drama
1271,127,Drama
1272,129,Drama
1273,131,Drama
1274,132,Drama
1275,133,Drama
1276,134,Drama
1277,135,Drama
1278,136,Drama
1279,137,Drama
1280,146,Drama
1281,149,Drama
1282,150,Drama
1283,157,Drama
1284,160,Drama
1285,162,Drama
1286,165,Drama
1287,166,Drama
1288,170,Drama
1289,172,Drama
1290,178,Drama
1291,180,Drama
1292,182,Drama
1293,187,Drama
1294,188,Drama
1295,190,Drama
1296,191,Drama
1297,192,Drama
1298,193,Drama
1299,196,Drama
1300,197,Drama
1301,199,Drama
1302,205,Drama
1303,207,Drama
1304,209,Drama
1305,212,Drama
1306,213,Drama
1307,214,Drama
1308,215,Drama
1309,221,Drama
1310,223,Drama
1311,224,Drama
1312,236,Drama
1313,237,Drama
1314,239,Drama
1315,244,Drama
1316,245,Drama
1317,246,Drama
1318,253,Drama
1319,258,Drama
1320,262,Drama
1321,268,Drama
1322,270,Drama
1323,272,Drama
1324,275,Drama
1325,276,Drama
1326,277,Drama
1327,278,Drama
1328,279,Drama
1329,280,Drama
1330,282,Drama
1331,283,Drama
1332,285,Drama
1333,286,Drama
1334,287,Drama
1335,289,Drama
1336,292,Drama
1337,293,Drama
1338,296,Drama
1339,297,Drama
1340,299,Drama
1341,303,Drama
1342,305,Drama
1343,306,Drama
1344,308,Drama
1345,310,Drama
1346,311,Drama
1347,312,Drama
1348,313,Drama
1349,315,Drama
1350,316,Drama
1351,317,Drama
1352,318,Drama
1353,325,Drama
1354,326,Drama
1355,327,Drama
1356,329,Drama
1357,330,Drama
1358,332,Drama
1359,337,Drama
1360,339,Drama
1361,340,Drama
1362,344,Drama
1363,345,Drama
1364,346,Drama
1365,347,Drama
1366,348,Drama
1367,356,Drama
1368,357,Drama
1369,365,Drama
1370,366,Drama
1371,370,Drama
1372,371,Drama
1373,375,Drama
1374,378,Drama
1375,382,Drama
1376,387,Drama
1377,392,Drama
1378,403,Drama
1379,409,Drama
1380,416,Drama
1381,417,Drama
1382,421,Drama
1383,423,Drama
1384,427,Drama
1385,429,Drama
1386,454,Drama
1387,457,Drama
1388,458,Drama
1389,459,Drama
1390,460,Drama
1391,461,Drama
1392,462,Drama
1393,464,Drama
1394,467,Drama
1395,468,Drama
1396,469,Drama
1397,471,Drama
1398,475,Drama
1399,481,Drama
1400,483,Drama
1401,492,Drama
1402,496,Drama
1403,499,Drama
1404,503,Drama
1405,504,Drama
1406,506,Drama
1407,507,Drama
1408,508,Drama
1409,509,Drama
1410,510,Drama
1411,512,Drama
1412,515,Drama
1413,517,Drama
1414,518,Drama
1415,521,Drama
1416,522,Drama
1417,523,Drama
1418,526,Drama
1419,527,Drama
1420,528,Drama
1421,529,Drama
1422,531,Drama
1423,534,Drama
1424,536,Drama
1425,537,Drama
1426,543,Drama
1427,544,Drama
1428,549,Drama
1429,553,Drama
1430,555,Drama
1431,557,Drama
1432,558,Drama
1433,559,Drama
1434,561,Drama
1435,569,Drama
1436,581,Drama
1437,582,Drama
1438,584,Drama
1439,587,Drama
1440,591,Drama
1441,594,Drama
1442,598,Drama
1443,606,Drama
1444,612,Drama
1445,614,Drama
1446,617,Drama
1447,618,Drama
1448,619,Drama
1449,620,Drama
1450,626,Drama
1451,627,Drama
1452,628,Drama
1453,631,Drama
1454,632,Drama
1455,633,Drama
1456,638,Drama
1457,639,Drama
1458,640,Drama
1459,641,Drama
1460,642,Drama
1461,643,Drama
1462,647,Drama
1463,649,Drama
1464,650,Drama
1465,651,Drama
1466,652,Drama
1467,655,Drama
1468,658,Drama
1469,660,Drama
1470,662,Drama
1471,664,Drama
1472,676,Drama
1473,678,Drama
1474,686,Drama
1475,690,Drama
1476,692,Drama
1477,693,Drama
1478,695,Drama
1479,696,Drama
1480,697,Drama
1481,698,Drama
1482,699,Drama
1483,703,Drama
1484,704,Drama
1485,707,Drama
1486,708,Drama
1487,711,Drama
1488,712,Drama
1489,713,Drama
1490,714,Drama
1491,715,Drama
1492,716,Drama
1493,717,Drama
1494,720,Drama
1495,723,Drama
1496,724,Drama
1497,726,Drama
1498,727,Drama
1499,729,Drama
1500,730,Drama
1501,731,Drama
1502,733,Drama
1503,735,Drama
1504,736,Drama
1505,737,Drama
1506,740,Drama
1507,741,Drama
1508,742,Drama
1509,744,Drama
1510,750,Drama
1511,753,Drama
1512,762,Drama
1513,772,Drama
1514,775,Drama
1515,776,Drama
1516,778,Drama
1517,782,Drama
1518,784,Drama
1519,787,Drama
1520,789,Drama
1521,794,Drama
1522,799,Drama
1523,803,Drama
1524,806,Drama
1525,807,Drama
1526,808,Drama
1527,809,Drama
1528,815,Drama
1529,817,Drama
1530,822,Drama
1531,832,Drama
1532,837,Drama
1533,840,Drama
1534,842,Drama
1535,846,Drama
1536,847,Drama
1537,851,Drama
1538,852,Drama
1539,855,Drama
1540,856,Drama
1541,863,Drama
1542,865,Drama
1543,867,Drama
1544,868,Drama
1545,874,Drama
1546,875,Drama
1547,880,Drama
1548,882,Drama
1549,883,Drama
1550,887,Drama
1551,888,Drama
1552,891,Drama
1553,896,Drama
1554,898,Drama
1555,899,Drama
1556,900,Drama
1557,903,Drama
1558,904,Drama
1559,905,Drama
1560,906,Drama
1561,909,Drama
1562,910,Drama
1563,911,Drama
1564,914,Drama
1565,915,Drama
1566,917,Drama
1567,920,Drama
1568,921,Drama
1569,923,Drama
1570,924,Drama
1571,927,Drama
1572,928,Drama
1573,933,Drama
1574,934,Drama
1575,935,Drama
1576,936,Drama
1577,937,Drama
1578,939,Drama
1579,941,Drama
1580,942,Drama
1581,944,Drama
1582,949,Drama
1583,950,Drama
1584,953,Drama
1585,955,Drama
1586,956,Drama
1587,958,Drama
1588,960,Drama
1589,961,Drama
1590,962,Drama
1591,963,Drama
1592,964,Drama
1593,967,Drama
1594,972,Drama
1595,974,Drama
1596,979,Drama
1597,980,Drama
1598,981,Drama
1599,985,Drama
1600,990,Drama
1601,994,Drama
1602,1004,Drama
1603,1005,Drama
1604,1006,Drama
1605,1008,Drama
1606,1009,Drama
1607,1010,Drama
1608,1012,Drama
1609,1015,Drama
1610,1017,Drama
1611,1018,Drama
1612,1021,Drama
1613,1025,Drama
1614,1026,Drama
1615,1039,Drama
1616,1044,Drama
1617,1045,Drama
1618,1050,Drama
1619,1053,Drama
1620,1055,Drama
1621,1058,Drama
1622,1061,Drama
1623,1062,Drama
1624,1063,Drama
1625,1068,Drama
1626,1069,Drama
1627,1074,Drama
1628,1075,Drama
1629,1082,Drama
1630,1085,Drama
1631,1086,Drama
1632,1097,Drama
1633,1099,Drama
1634,1100,Drama
1635,1101,Drama
1636,1103,Drama
1637,1104,Drama
1638,1106,Drama
1639,1107,Drama
1640,1108,Drama
1641,1109,Drama
1642,1111,Drama
1643,1112,Drama
1644,1113,Drama
1645,1115,Drama
1646,1117,Drama
1647,1119,Drama
1648,1121,Drama
1649,1122,Drama
1650,1123,Drama
1651,1126,Drama
1652,1127,Drama
1653,1129,Drama
1654,1132,Drama
1655,1134,Drama
1656,1135,Drama
1657,1136,Drama
1658,1137,Drama
1659,1138,Drama
1660,1144,Drama
1661,1145,Drama
1662,1146,Drama
1663,1147,Drama
1664,1148,Drama
1665,1149,Drama
1666,1150,Drama
1667,1153,Drama
1668,1156,Drama
1669,1158,Drama
1670,1160,Drama
1671,1161,Drama
1672,1163,Drama
1673,1165,Drama
1674,1168,Drama
1675,1169,Drama
1676,1170,Drama
1677,1171,Drama
1678,1173,Drama
1679,1174,Drama
1680,1176,Drama
1681,1186,Drama
1682,1189,Drama
1683,1191,Drama
1684,1192,Drama
1685,1193,Drama
1686,1194,Drama
1687,1195,Drama
1688,1196,Drama
1689,1197,Drama
1690,1200,Drama
1691,1204,Drama
1692,1205,Drama
1693,1208,Drama
1694,1211,Drama
1695,1212,Drama
1696,1213,Drama
1697,1214,Drama
1698,1220,Drama
1699,1221,Drama
1700,1223,Drama
1701,1224,Drama
1702,1226,Drama
1703,1227,Drama
1704,1229,Drama
1705,1231,Drama
1706,1233,Drama
1707,1236,Drama
1708,1237,Drama
1709,1238,Drama
1710,1241,Drama
1711,1252,Drama
1712,1255,Drama
1713,1256,Drama
1714,1257,Drama
1715,1260,Drama
1716,1261,Drama
1717,1263,Drama
1718,1264,Drama
1719,1265,Drama
1720,1266,Drama
1721,1267,Drama
1722,1268,Drama
1723,1272,Drama
1724,1273,Drama
1725,1276,Drama
1726,1278,Drama
1727,1281,Drama
1728,1282,Drama
1729,1284,Drama
1730,1285,Drama
1731,1290,Drama
1732,1295,Drama
1733,1296,Drama
1734,1297,Drama
1735,1299,Drama
1736,1300,Drama
1737,1306,Drama
1738,1308,Drama
1739,1309,Drama
1740,1310,Drama
1741,1311,Drama
1742,1312,Drama
1743,1315,Drama
1744,1316,Drama
1745,1317,Drama
1746,1319,Drama
1747,1320,Drama
1748,1323,Drama
1749,1324,Drama
1750,1325,Drama
1751,1326,Drama
1752,1327,Drama
1753,1328,Drama
1754,1329,Drama
1755,1330,Drama
1756,1332,Drama
1757,1333,Drama
1758,1334,Drama
1759,1335,Drama
1760,1338,Drama
1761,1339,Drama
1762,1341,Drama
1763,1342,Drama
1764,1343,Drama
1765,1344,Drama
1766,1345,Drama
1767,1346,Drama
1768,1347,Drama
1769,1348,Drama
1770,1350,Drama
1771,1352,Drama
1772,1354,Drama
1773,1355,Drama
1774,1359,Drama
1775,1365,Drama
1776,1366,Drama
1777,1368,Drama
1778,1369,Drama
1779,1370,Drama
1780,1375,Drama
1781,1380,Drama
1782,1381,Drama
1783,1382,Drama
1784,1384,Drama
1785,1388,Drama
1786,1389,Drama
1787,1391,Drama
1788,1392,Drama
1789,1395,Drama
1790,1396,Drama
1791,1397,Drama
1792,1398,Drama
1793,1400,Drama
1794,1401,Drama
1795,1402,Drama
1796,1403,Drama
1797,1405,Drama
1798,1406,Drama
1799,1410,Drama
1800,1417,Drama
1801,1418,Drama
1802,1421,Drama
1803,1423,Drama
1804,1424,Drama
1805,1425,Drama
1806,1426,Drama
1807,1427,Drama
1808,1429,Drama
1809,1430,Drama
1810,1432,Drama
1811,1433,Drama
1812,1436,Drama
1813,1438,Drama
1814,1439,Drama
1815,1440,Drama
1816,1441,Drama
1817,1442,Drama
1818,1443,Drama
1819,1445,Drama
1820,1447,Drama
1821,1448,Drama
1822,1449,Drama
1823,1453,Drama
1824,1456,Drama
1825,1457,Drama
1826,1460,Drama
1827,1462,Drama
1828,1464,Drama
1829,1465,Drama
1830,1466,Drama
1831,1467,Drama
1832,1468,Drama
1833,1473,Drama
1834,1475,Drama
1835,1478,Drama
1836,1481,Drama
1837,1483,Drama
1838,1485,Drama
1839,1486,Drama
1840,1488,Drama
1841,1491,Drama
1842,1495,Drama
1843,1505,Drama
1844,1506,Drama
1845,1508,Drama
1846,1512,Drama
1847,1514,Drama
1848,1516,Drama
1849,1517,Drama
1850,1518,Drama
1851,1519,Drama
1852,1524,Drama
1853,1526,Drama
1854,1528,Drama
1855,1530,Drama
1856,1532,Drama
1857,1533,Drama
1858,1535,Drama
1859,1536,Drama
1860,1538,Drama
1861,1539,Drama
1862,1541,Drama
1863,1542,Drama
1864,1543,Drama
1865,1545,Drama
1866,1546,Drama
1867,1551,Drama
1868,1554,Drama
1869,1556,Drama
1870,1557,Drama
1871,1558,Drama
1872,1559,Drama
1873,1561,Drama
1874,1564,Drama
1875,1565,Drama
1876,1566,Drama
1877,1569,Drama
1878,1571,Drama
1879,1572,Drama
1880,1575,Drama
1881,1577,Drama
1882,1578,Drama
1883,1583,Drama
1884,1584,Drama
1885,1586,Drama
1886,1588,Drama
1887,1590,Drama
1888,1591,Drama
1889,1592,Drama
1890,1597,Drama
1891,1599,Drama
1892,1602,Drama
1893,1603,Drama
1894,1607,Drama
1895,1608,Drama
1896,1613,Drama
1897,1614,Drama
1898,1616,Drama
1899,1619,Drama
1900,1623,Drama
1901,1626,Drama
1902,1627,Drama
1903,1628,Drama
1904,1630,Drama
1905,1631,Drama
1906,1633,Drama
1907,1634,Drama
1908,1635,Drama
1909,1636,Drama
1910,1637,Drama
1911,1638,Drama
1912,1639,Drama
1913,1640,Drama
1914,1642,Drama
1915,1643,Drama
1916,1645,Drama
1917,1646,Drama
1918,1647,Drama
1919,1648,Drama
1920,1650,Drama
1921,1651,Drama
1922,1653,Drama
1923,1657,Drama
1924,1658,Drama
1925,1660,Drama
1926,1661,Drama
1927,1662,Drama
1928,1663,Drama
1929,1665,Drama
1930,1666,Drama
1931,1667,Drama
1932,1669,Drama
1933,1671,Drama
1934,1672,Drama
1935,1674,Drama
1936,1675,Drama
1937,1676,Drama
1938,1677,Drama
1939,1678,Drama
1940,1680,Drama
1941,1682,Drama
1942,72,Fantasy
1943,141,Fantasy
1944,308,Fantasy
1945,411,Fantasy
1946,423,Fantasy
1947,472,Fantasy
1948,548,Fantasy
1949,558,Fantasy
1950,560,Fantasy
1951,755,Fantasy
1952,820,Fantasy
1953,832,Fantasy
1954,892,Fantasy
1955,951,Fantasy
1956,1036,Fantasy
1957,1076,Fantasy
1958,1133,Fantasy
1959,1292,Fantasy
1960,1293,Fantasy
1961,1336,Fantasy
1962,1576,Fantasy
1963,1615,Fantasy
1964,89,Film-Noir
1965,299,Film-Noir
1966,302,Film-Noir
1967,484,Film-Noir
1968,488,Film-Noir
1969,489,Film-Noir
1970,525,Film-Noir
1971,611,Film-Noir
1972,642,Film-Noir
1973,653,Film-Noir
1974,654,Film-Noir
1975,656,Film-Noir
1976,657,Film-Noir
1977,673,Film-Noir
1978,691,Film-Noir
1979,770,Film-Noir
1980,823,Film-Noir
1981,848,Film-Noir
1982,1064,Film-Noir
1983,1313,Film-Noir
1984,1422,Film-Noir
1985,1476,Film-Noir
1986,1582,Film-Noir
1987,1604,Film-Noir
1988,17,Horror
1989,84,Horror
1990,101,Horror
1991,123,Horror
1992,183,Horror
1993,184,Horror
1994,185,Horror
1995,200,Horror
1996,201,Horror
1997,208,Horror
1998,217,Horror
1999,219,Horror
2000,234,Horror
2001,288,Horror
2002,307,Horror
2003,343,Horror
2004,351,Horror
2005,353,Horror
2006,379,Horror
2007,396,Horror
2008,406,Horror
2009,413,Horror
2010,424,Horror
2011,436,Horror
2012,437,Horror
2013,438,Horror
2014,439,Horror
2015,440,Horror
2016,441,Horror
2017,442,Horror
2018,443,Horror
2019,444,Horror
2020,445,Horror
2021,446,Horror
2022,447,Horror
2023,448,Horror
2024,452,Horror
2025,453,Horror
2026,551,Horror
2027,559,Horror
2028,561,Horror
2029,563,Horror
2030,564,Horror
2031,565,Horror
2032,567,Horror
2033,569,Horror
2034,573,Horror
2035,590,Horror
2036,616,Horror
2037,635,Horror
2038,637,Horror
2039,665,Horror
2040,666,Horror
2041,667,Horror
2042,668,Horror
2043,669,Horror
2044,670,Horror
2045,671,Horror
2046,672,Horror
2047,674,Horror
2048,675,Horror
2049,681,Horror
2050,682,Horror
2051,706,Horror
2052,767,Horror
2053,774,Horror
2054,777,Horror
2055,784,Horror
2056,788,Horror
2057,800,Horror
2058,816,Horror
2059,834,Horror
2060,839,Horror
2061,853,Horror
2062,854,Horror
2063,858,Horror
2064,859,Horror
2065,860,Horror
2066,861,Horror
2067,885,Horror
2068,895,Horror
2069,928,Horror
2070,1052,Horror
2071,1056,Horror
2072,1157,Horror
2073,1199,Horror
2074,1243,Horror
2075,1371,Horror
2076,1477,Horror
2077,1520,Horror
2078,1573,Horror
2079,1625,Horror
2080,21,Musical
2081,71,Musical
2082,91,Musical
2083,95,Musical
2084,99,Musical
2085,103,Musical
2086,132,Musical
2087,142,Musical
2088,143,Musical
2089,155,Musical
2090,186,Musical
2091,209,Musical
2092,214,Musical
2093,289,Musical
2094,319,Musical
2095,352,Musical
2096,362,Musical
2097,418,Musical
2098,419,Musical
2099,420,Musical
2100,432,Musical
2101,451,Musical
2102,473,Musical
2103,485,Musical
2104,501,Musical
2105,538,Musical
2106,542,Musical
2107,543,Musical
2108,557,Musical
2109,588,Musical
2110,596,Musical
2111,602,Musical
2112,605,Musical
2113,610,Musical
2114,624,Musical
2115,629,Musical
2116,630,Musical
2117,705,Musical
2118,835,Musical
2119,965,Musical
2120,968,Musical
2121,989,Musical
2122,993,Musical
2123,1037,Musical
2124,1079,Musical
2125,1091,Musical
2126,1110,Musical
2127,1121,Musical
2128,1135,Musical
2129,1153,Musical
2130,1203,Musical
2131,1278,Musical
2132,1286,Musical
2133,1298,Musical
2134,1458,Musical
2135,1459,Musical
2136,124,Mystery
2137,135,Mystery
2138,159,Mystery
2139,191,Mystery
2140,260,Mystery
2141,291,Mystery
2142,302,Mystery
2143,307,Mystery
2144,312,Mystery
2145,322,Mystery
2146,324,Mystery
2147,327,Mystery
2148,328,Mystery
2149,333,Mystery
2150,334,Mystery
2151,342,Mystery
2152,350,Mystery
2153,356,Mystery
2154,394,Mystery
2155,405,Mystery
2156,479,Mystery
2157,484,Mystery
2158,493,Mystery
2159,505,Mystery
2160,513,Mystery
2161,525,Mystery
2162,533,Mystery
2163,574,Mystery
2164,587,Mystery
2165,592,Mystery
2166,603,Mystery
2167,608,Mystery
2168,611,Mystery
2169,654,Mystery
2170,659,Mystery
2171,682,Mystery
2172,769,Mystery
2173,770,Mystery
2174,805,Mystery
2175,809,Mystery
2176,830,Mystery
2177,855,Mystery
2178,878,Mystery
2179,902,Mystery
2180,914,Mystery
2181,945,Mystery
2182,978,Mystery
2183,1003,Mystery
2184,1020,Mystery
2185,1042,Mystery
2186,1101,Mystery
2187,1129,Mystery
2188,1159,Mystery
2189,1212,Mystery
2190,1284,Mystery
2191,1313,Mystery
2192,1444,Mystery
2193,1452,Mystery
2194,1553,Mystery
2195,1581,Mystery
2196,1669,Mystery
2197,14,Romance
2198,16,Romance
2199,20,Romance
2200,33,Romance
2201,36,Romance
2202,49,Romance
2203,50,Romance
2204,51,Romance
2205,55,Romance
2206,66,Romance
2207,68,Romance
2208,69,Romance
2209,70,Romance
2210,81,Romance
2211,83,Romance
2212,88,Romance
2213,90,Romance
2214,92,Romance
2215,111,Romance
2216,125,Romance
2217,129,Romance
2218,131,Romance
2219,133,Romance
2220,155,Romance
2221,161,Romance
2222,170,Romance
2223,172,Romance
2224,173,Romance
2225,181,Romance
2226,185,Romance
2227,197,Romance
2228,202,Romance
2229,207,Romance
2230,213,Romance
2231,216,Romance
2232,217,Romance
2233,220,Romance
2234,237,Romance
2235,241,Romance
2236,246,Romance
2237,253,Romance
2238,255,Romance
2239,256,Romance
2240,268,Romance
2241,274,Romance
2242,275,Romance
2243,276,Romance
2244,278,Romance
2245,280,Romance
2246,283,Romance
2247,284,Romance
2248,286,Romance
2249,306,Romance
2250,311,Romance
2251,313,Romance
2252,319,Romance
2253,328,Romance
2254,354,Romance
2255,371,Romance
2256,381,Romance
2257,385,Romance
2258,394,Romance
2259,402,Romance
2260,411,Romance
2261,421,Romance
2262,451,Romance
2263,462,Romance
2264,465,Romance
2265,478,Romance
2266,483,Romance
2267,485,Romance
2268,486,Romance
2269,487,Romance
2270,489,Romance
2271,490,Romance
2272,498,Romance
2273,512,Romance
2274,514,Romance
2275,517,Romance
2276,531,Romance
2277,532,Romance
2278,535,Romance
2279,542,Romance
2280,544,Romance
2281,545,Romance
2282,549,Romance
2283,553,Romance
2284,560,Romance
2285,568,Romance
2286,574,Romance
2287,580,Romance
2288,582,Romance
2289,594,Romance
2290,602,Romance
2291,607,Romance
2292,608,Romance
2293,631,Romance
2294,643,Romance
2295,648,Romance
2296,662,Romance
2297,692,Romance
2298,694,Romance
2299,702,Romance
2300,704,Romance
2301,705,Romance
2302,709,Romance
2303,714,Romance
2304,716,Romance
2305,720,Romance
2306,724,Romance
2307,727,Romance
2308,730,Romance
2309,731,Romance
2310,732,Romance
2311,733,Romance
2312,736,Romance
2313,738,Romance
2314,739,Romance
2315,740,Romance
2316,747,Romance
2317,748,Romance
2318,749,Romance
2319,751,Romance
2320,764,Romance
2321,765,Romance
2322,775,Romance
2323,778,Romance
2324,781,Romance
2325,783,Romance
2326,785,Romance
2327,786,Romance
2328,794,Romance
2329,796,Romance
2330,815,Romance
2331,821,Romance
2332,835,Romance
2333,836,Romance
2334,846,Romance
2335,849,Romance
2336,855,Romance
2337,866,Romance
2338,869,Romance
2339,870,Romance
2340,872,Romance
2341,873,Romance
2342,875,Romance
2343,877,Romance
2344,886,Romance
2345,889,Romance
2346,903,Romance
2347,905,Romance
2348,906,Romance
2349,918,Romance
2350,921,Romance
2351,936,Romance
2352,938,Romance
2353,945,Romance
2354,947,Romance
2355,948,Romance
2356,949,Romance
2357,955,Romance
2358,966,Romance
2359,988,Romance
2360,990,Romance
2361,1024,Romance
2362,1028,Romance
2363,1037,Romance
2364,1040,Romance
2365,1041,Romance
2366,1048,Romance
2367,1050,Romance
2368,1072,Romance
2369,1085,Romance
2370,1089,Romance
2371,1096,Romance
2372,1100,Romance
2373,1102,Romance
2374,1115,Romance
2375,1119,Romance
2376,1124,Romance
2377,1129,Romance
2378,1132,Romance
2379,1137,Romance
2380,1152,Romance
2381,1155,Romance
2382,1160,Romance
2383,1173,Romance
2384,1175,Romance
2385,1190,Romance
2386,1203,Romance
2387,1211,Romance
2388,1212,Romance
2389,1216,Romance
2390,1219,Romance
2391,1239,Romance
2392,1258,Romance
2393,1259,Romance
2394,1262,Romance
2395,1269,Romance
2396,1286,Romance
2397,1289,Romance
2398,1290,Romance
2399,1297,Romance
2400,1299,Romance
2401,1300,Romance
2402,1315,Romance
2403,1340,Romance
2404,1353,Romance
2405,1357,Romance
2406,1377,Romance
2407,1379,Romance
2408,1385,Romance
2409,1387,Romance
2410,1394,Romance
2411,1400,Romance
2412,1406,Romance
2413,1424,Romance
2414,1429,Romance
2415,1434,Romance
2416,1436,Romance
2417,1441,Romance
2418,1450,Romance
2419,1458,Romance
2420,1462,Romance
2421,1474,Romance
2422,1483,Romance
2423,1485,Romance
2424,1487,Romance
2425,1493,Romance
2426,1502,Romance
2427,1515,Romance
2428,1521,Romance
2429,1525,Romance
2430,1526,Romance
2431,1545,Romance
2432,1563,Romance
2433,1568,Romance
2434,1580,Romance
2435,1610,Romance
2436,1612,Romance
2437,1617,Romance
2438,1652,Romance
2439,1655,Romance
2440,1656,Romance
2441,1662,Romance
2442,1679,Romance
2443,1680,Romance
2444,7,Sci-Fi
2445,38,Sci-Fi
2446,39,Sci-Fi
2447,50,Sci-Fi
2448,62,Sci-Fi
2449,82,Sci-Fi
2450,84,Sci-Fi
2451,89,Sci-Fi
2452,96,Sci-Fi
2453,101,Sci-Fi
2454,109,Sci-Fi
2455,121,Sci-Fi
2456,135,Sci-Fi
2457,141,Sci-Fi
2458,145,Sci-Fi
2459,152,Sci-Fi
2460,164,Sci-Fi
2461,171,Sci-Fi
2462,172,Sci-Fi
2463,175,Sci-Fi
2464,176,Sci-Fi
2465,179,Sci-Fi
2466,181,Sci-Fi
2467,183,Sci-Fi
2468,184,Sci-Fi
2469,195,Sci-Fi
2470,204,Sci-Fi
2471,206,Sci-Fi
2472,222,Sci-Fi
2473,227,Sci-Fi
2474,228,Sci-Fi
2475,229,Sci-Fi
2476,230,Sci-Fi
2477,235,Sci-Fi
2478,239,Sci-Fi
2479,250,Sci-Fi
2480,252,Sci-Fi
2481,257,Sci-Fi
2482,258,Sci-Fi
2483,260,Sci-Fi
2484,264,Sci-Fi
2485,270,Sci-Fi
2486,271,Sci-Fi
2487,298,Sci-Fi
2488,343,Sci-Fi
2489,353,Sci-Fi
2490,355,Sci-Fi
2491,358,Sci-Fi
2492,373,Sci-Fi
2493,380,Sci-Fi
2494,398,Sci-Fi
2495,411,Sci-Fi
2496,423,Sci-Fi
2497,426,Sci-Fi
2498,429,Sci-Fi
2499,434,Sci-Fi
2500,444,Sci-Fi
2501,449,Sci-Fi
2502,450,Sci-Fi
2503,474,Sci-Fi
2504,552,Sci-Fi
2505,560,Sci-Fi
2506,573,Sci-Fi
2507,577,Sci-Fi
2508,578,Sci-Fi
2509,590,Sci-Fi
2510,616,Sci-Fi
2511,636,Sci-Fi
2512,665,Sci-Fi
2513,670,Sci-Fi
2514,691,Sci-Fi
2515,728,Sci-Fi
2516,755,Sci-Fi
2517,758,Sci-Fi
2518,760,Sci-Fi
2519,769,Sci-Fi
2520,771,Sci-Fi
2521,797,Sci-Fi
2522,825,Sci-Fi
2523,831,Sci-Fi
2524,897,Sci-Fi
2525,916,Sci-Fi
2526,919,Sci-Fi
2527,925,Sci-Fi
2528,931,Sci-Fi
2529,976,Sci-Fi
2530,1006,Sci-Fi
2531,1110,Sci-Fi
2532,1154,Sci-Fi
2533,1159,Sci-Fi
2534,1210,Sci-Fi
2535,1215,Sci-Fi
2536,1240,Sci-Fi
2537,1274,Sci-Fi
2538,1293,Sci-Fi
2539,1386,Sci-Fi
2540,1411,Sci-Fi
2541,1416,Sci-Fi
2542,1419,Sci-Fi
2543,1472,Sci-Fi
2544,1596,Sci-Fi
2545,2,Thriller
2546,3,Thriller
2547,5,Thriller
2548,11,Thriller
2549,12,Thriller
2550,17,Thriller
2551,21,Thriller
2552,23,Thriller
2553,28,Thriller
2554,31,Thriller
2555,33,Thriller
2556,38,Thriller
2557,43,Thriller
2558,44,Thriller
2559,53,Thriller
2560,54,Thriller
2561,55,Thriller
2562,68,Thriller
2563,77,Thriller
2564,79,Thriller
2565,90,Thriller
2566,96,Thriller
2567,98,Thriller
2568,100,Thriller
2569,106,Thriller
2570,117,Thriller
2571,118,Thriller
2572,128,Thriller
2573,129,Thriller
2574,135,Thriller
2575,144,Thriller
2576,145,Thriller
2577,147,Thriller
2578,156,Thriller
2579,159,Thriller
2580,164,Thriller
2581,176,Thriller
2582,183,Thriller
2583,185,Thriller
2584,195,Thriller
2585,198,Thriller
2586,206,Thriller
2587,218,Thriller
2588,223,Thriller
2589,226,Thriller
2590,244,Thriller
2591,245,Thriller
2592,252,Thriller
2593,260,Thriller
2594,264,Thriller
2595,265,Thriller
2596,270,Thriller
2597,273,Thriller
2598,281,Thriller
2599,288,Thriller
2600,291,Thriller
2601,295,Thriller
2602,298,Thriller
2603,300,Thriller
2604,302,Thriller
2605,307,Thriller
2606,311,Thriller
2607,315,Thriller
2608,322,Thriller
2609,323,Thriller
2610,325,Thriller
2611,328,Thriller
2612,329,Thriller
2613,331,Thriller
2614,332,Thriller
2615,333,Thriller
2616,336,Thriller
2617,337,Thriller
2618,348,Thriller
2619,349,Thriller
2620,350,Thriller
2621,355,Thriller
2622,356,Thriller
2623,358,Thriller
2624,359,Thriller
2625,361,Thriller
2626,370,Thriller
2627,402,Thriller
2628,406,Thriller
2629,408,Thriller
2630,426,Thriller
2631,466,Thriller
2632,479,Thriller
2633,480,Thriller
2634,489,Thriller
2635,490,Thriller
2636,505,Thriller
2637,513,Thriller
2638,546,Thriller
2639,550,Thriller
2640,558,Thriller
2641,565,Thriller
2642,566,Thriller
2643,568,Thriller
2644,571,Thriller
2645,572,Thriller
2646,573,Thriller
2647,574,Thriller
2648,581,Thriller
2649,583,Thriller
2650,591,Thriller
2651,592,Thriller
2652,595,Thriller
2653,597,Thriller
2654,603,Thriller
2655,607,Thriller
2656,608,Thriller
2657,615,Thriller
2658,619,Thriller
2659,636,Thriller
2660,649,Thriller
2661,653,Thriller
2662,654,Thriller
2663,656,Thriller
2664,657,Thriller
2665,659,Thriller
2666,665,Thriller
2667,670,Thriller
2668,673,Thriller
2669,678,Thriller
2670,682,Thriller
2671,684,Thriller
2672,685,Thriller
2673,689,Thriller
2674,691,Thriller
2675,696,Thriller
2676,717,Thriller
2677,741,Thriller
2678,742,Thriller
2679,743,Thriller
2680,748,Thriller
2681,751,Thriller
2682,752,Thriller
2683,754,Thriller
2684,758,Thriller
2685,761,Thriller
2686,770,Thriller
2687,771,Thriller
2688,773,Thriller
2689,788,Thriller
2690,800,Thriller
2691,802,Thriller
2692,823,Thriller
2693,825,Thriller
2694,827,Thriller
2695,830,Thriller
2696,831,Thriller
2697,834,Thriller
2698,839,Thriller
2699,841,Thriller
2700,848,Thriller
2701,852,Thriller
2702,855,Thriller
2703,860,Thriller
2704,879,Thriller
2705,886,Thriller
2706,895,Thriller
2707,902,Thriller
2708,912,Thriller
2709,914,Thriller
2710,916,Thriller
2711,917,Thriller
2712,925,Thriller
2713,930,Thriller
2714,931,Thriller
2715,939,Thriller
2716,943,Thriller
2717,945,Thriller
2718,963,Thriller
2719,974,Thriller
2720,975,Thriller
2721,976,Thriller
2722,978,Thriller
2723,979,Thriller
2724,982,Thriller
2725,983,Thriller
2726,984,Thriller
2727,986,Thriller
2728,987,Thriller
2729,992,Thriller
2730,1013,Thriller
2731,1016,Thriller
2732,1019,Thriller
2733,1020,Thriller
2734,1025,Thriller
2735,1038,Thriller
2736,1042,Thriller
2737,1046,Thriller
2738,1069,Thriller
2739,1073,Thriller
2740,1077,Thriller
2741,1083,Thriller
2742,1089,Thriller
2743,1090,Thriller
2744,1105,Thriller
2745,1109,Thriller
2746,1125,Thriller
2747,1131,Thriller
2748,1139,Thriller
2749,1143,Thriller
2750,1174,Thriller
2751,1198,Thriller
2752,1207,Thriller
2753,1208,Thriller
2754,1210,Thriller
2755,1213,Thriller
2756,1217,Thriller
2757,1229,Thriller
2758,1248,Thriller
2759,1253,Thriller
2760,1273,Thriller
2761,1274,Thriller
2762,1275,Thriller
2763,1313,Thriller
2764,1314,Thriller
2765,1324,Thriller
2766,1370,Thriller
2767,1393,Thriller
2768,1399,Thriller
2769,1422,Thriller
2770,1431,Thriller
2771,1451,Thriller
2772,1471,Thriller
2773,1477,Thriller
2774,1491,Thriller
2775,1508,Thriller
2776,1522,Thriller
2777,1526,Thriller
2778,1548,Thriller
2779,1549,Thriller
2780,1553,Thriller
2781,1556,Thriller
2782,1559,Thriller
2783,1579,Thriller
2784,1595,Thriller
2785,1596,Thriller
2786,1598,Thriller
2787,1601,Thriller
2788,1604,Thriller
2789,1621,Thriller
2790,1624,Thriller
2791,1625,Thriller
2792,1651,Thriller
2793,1670,Thriller
2794,1673,Thriller
2795,1679,Thriller
2796,10,War
2797,22,War
2798,31,War
2799,50,War
2800,51,War
2801,69,War
2802,80,War
2803,110,War
2804,121,War
2805,133,War
2806,157,War
2807,172,War
2808,176,War
2809,180,War
2810,181,War
2811,188,War
2812,190,War
2813,199,War
2814,205,War
2815,211,War
2816,214,War
2817,235,War
2818,241,War
2819,245,War
2820,271,War
2821,286,War
2822,318,War
2823,326,War
2824,426,War
2825,430,War
2826,471,War
2827,474,War
2828,483,War
2829,498,War
2830,502,War
2831,511,War
2832,515,War
2833,520,War
2834,521,War
2835,528,War
2836,549,War
2837,593,War
2838,601,War
2839,631,War
2840,641,War
2841,647,War
2842,651,War
2843,687,War
2844,690,War
2845,719,War
2846,744,War
2847,803,War
2848,879,War
2849,891,War
2850,935,War
2851,944,War
2852,971,War
2853,1065,War
2854,1124,War
2855,1152,War
2856,1176,War
2857,1185,War
2858,1204,War
2859,1357,War
2860,1423,War
2861,1485,War
2862,1501,War
2863,1529,War
2864,1574,War
2865,1632,War
2866,1663,War
2867,51,Western
2868,73,Western
2869,97,Western
2870,177,Western
2871,203,Western
2872,232,Western
2873,415,Western
2874,435,Western
2875,470,Western
2876,510,Western
2877,556,Western
2878,562,Western
2879,570,Western
2880,575,Western
2881,589,Western
2882,621,Western
2883,646,Western
2884,661,Western
2885,840,Western
2886,922,Western
2887,1000,Western
2888,1004,Western
2889,1188,Western
2890,1247,Western
2891,1454,Western
2892,1455,Western
2893,1587,Western
2894,267,unknown
2895,1373,unknown
2896,2,Action
2897,4,Action
2898,17,Action
2899,21,Action
2900,22,Action
2901,24,Action
2902,27,Action
2903,28,Action
2904,29,Action
2905,33,Action
2906,39,Action
2907,50,Action
2908,53,Action
2909,54,Action
2910,62,Action
2911,68,Action
2912,73,Action
2913,74,Action
2914,79,Action
2915,80,Action
2916,82,Action
2917,92,Action
2918,96,Action
2919,101,Action
2920,110,Action
2921,117,Action
2922,118,Action
2923,121,Action
2924,127,Action
2925,128,Action
2926,144,Action
2927,145,Action
2928,147,Action
2929,148,Action
2930,161,Action
2931,164,Action
2932,172,Action
2933,173,Action
2934,174,Action
2935,176,Action
2936,177,Action
2937,181,Action
2938,183,Action
2939,184,Action
2940,186,Action
2941,187,Action
2942,188,Action
2943,195,Action
2944,201,Action
2945,207,Action
2946,210,Action
2947,222,Action
2948,226,Action
2949,227,Action
2950,228,Action
2951,229,Action
2952,230,Action
2953,231,Action
2954,232,Action
2955,233,Action
2956,234,Action
2957,235,Action
2958,241,Action
2959,244,Action
2960,245,Action
2961,247,Action
2962,250,Action
2963,252,Action
2964,254,Action
2965,257,Action
2966,260,Action
2967,263,Action
2968,265,Action
2969,266,Action
2970,271,Action
2971,273,Action
2972,281,Action
2973,295,Action
2974,298,Action
2975,300,Action
2976,313,Action
2977,314,Action
2978,323,Action
2979,326,Action
2980,328,Action
2981,334,Action
2982,339,Action
2983,343,Action
2984,349,Action
2985,350,Action
2986,353,Action
2987,358,Action
2988,362,Action
2989,363,Action
2990,373,Action
2991,374,Action
2992,380,Action
2993,385,Action
2994,388,Action
2995,391,Action
2996,397,Action
2997,398,Action
2998,399,Action
2999,403,Action
3000,405,Action
3001,426,Action
3002,431,Action
3003,435,Action
3004,449,Action
3005,450,Action
3006,452,Action
3007,453,Action
3008,455,Action
3009,456,Action
3010,472,Action
3011,491,Action
3012,498,Action
3013,510,Action
3014,515,Action
3015,526,Action
3016,540,Action
3017,541,Action
3018,546,Action
3019,550,Action
3020,554,Action
3021,562,Action
3022,566,Action
3023,568,Action
3024,572,Action
3025,576,Action
3026,578,Action
3027,586,Action
3028,590,Action
3029,597,Action
3030,599,Action
3031,631,Action
3032,636,Action
3033,651,Action
3034,665,Action
3035,668,Action
3036,679,Action
3037,680,Action
3038,684,Action
3039,685,Action
3040,686,Action
3041,689,Action
3042,720,Action
3043,743,Action
3044,748,Action
3045,751,Action
3046,752,Action
3047,755,Action
3048,759,Action
3049,761,Action
3050,769,Action
3051,771,Action
3052,779,Action
3053,797,Action
3054,798,Action
3055,802,Action
3056,803,Action
3057,806,Action
3058,808,Action
3059,809,Action
3060,810,Action
3061,825,Action
3062,827,Action
3063,829,Action
3064,830,Action
3065,831,Action
3066,833,Action
3067,838,Action
3068,840,Action
3069,841,Action
3070,849,Action
3071,855,Action
3072,876,Action
3073,879,Action
3074,881,Action
3075,890,Action
3076,897,Action
3077,912,Action
3078,916,Action
3079,917,Action
3080,930,Action
3081,976,Action
3082,977,Action
3083,982,Action
3084,1013,Action
3085,1016,Action
3086,1019,Action
3087,1025,Action
3088,1027,Action
3089,1034,Action
3090,1076,Action
3091,1087,Action
3092,1088,Action
3093,1089,Action
3094,1105,Action
3095,1110,Action
3096,1138,Action
3097,1139,Action
3098,1161,Action
3099,1180,Action
3100,1181,Action
3101,1183,Action
3102,1188,Action
3103,1215,Action
3104,1222,Action
3105,1228,Action
3106,1231,Action
3107,1239,Action
3108,1244,Action
3109,1250,Action
3110,1277,Action
3111,1303,Action
3112,1304,Action
3113,1314,Action
3114,1358,Action
3115,1362,Action
3116,1364,Action
3117,1365,Action
3118,1372,Action
3119,1393,Action
3120,1407,Action
3121,1413,Action
3122,1414,Action
3123,1415,Action
3124,1416,Action
3125,1419,Action
3126,1433,Action
3127,1478,Action
3128,1483,Action
3129,1484,Action
3130,1491,Action
3131,1523,Action
3132,1548,Action
3133,1552,Action
3134,1556,Action
3135,1559,Action
3136,1586,Action
3137,1595,Action
3138,1596,Action
3139,1597,Action
3140,1610,Action
3141,1613,Action
3142,1615,Action
3143,1618,Action
3144,1646,Action
3145,1657,Action
3146,1673,Action
3147,2,Adventure
3148,21,Adventure
3149,24,Adventure
3150,29,Adventure
3151,35,Adventure
3152,50,Adventure
3153,62,Adventure
3154,78,Adventure
3155,82,Adventure
3156,97,Adventure
3157,101,Adventure
3158,110,Adventure
3159,112,Adventure
3160,117,Adventure
3161,118,Adventure
3162,132,Adventure
3163,140,Adventure
3164,141,Adventure
3165,142,Adventure
3166,148,Adventure
3167,151,Adventure
3168,164,Adventure
3169,172,Adventure
3170,173,Adventure
3171,174,Adventure
3172,181,Adventure
3173,184,Adventure
3174,201,Adventure
3175,206,Adventure
3176,210,Adventure
3177,222,Adventure
3178,227,Adventure
3179,228,Adventure
3180,229,Adventure
3181,230,Adventure
3182,231,Adventure
3183,247,Adventure
3184,252,Adventure
3185,254,Adventure
3186,257,Adventure
3187,266,Adventure
3188,271,Adventure
3189,304,Adventure
3190,331,Adventure
3191,355,Adventure
3192,358,Adventure
3193,373,Adventure
3194,380,Adventure
3195,385,Adventure
3196,389,Adventure
3197,398,Adventure
3198,399,Adventure
3199,403,Adventure
3200,405,Adventure
3201,431,Adventure
3202,449,Adventure
3203,450,Adventure
3204,457,Adventure
3205,463,Adventure
3206,465,Adventure
3207,472,Adventure
3208,491,Adventure
3209,495,Adventure
3210,498,Adventure
3211,500,Adventure
3212,511,Adventure
3213,519,Adventure
3214,520,Adventure
3215,526,Adventure
3216,530,Adventure
3217,541,Adventure
3218,554,Adventure
3219,560,Adventure
3220,562,Adventure
3221,566,Adventure
3222,576,Adventure
3223,601,Adventure
3224,622,Adventure
3225,636,Adventure
3226,655,Adventure
3227,679,Adventure
3228,680,Adventure
3229,720,Adventure
3230,755,Adventure
3231,768,Adventure
3232,769,Adventure
3233,802,Adventure
3234,812,Adventure
3235,820,Adventure
3236,826,Adventure
3237,827,Adventure
3238,828,Adventure
3239,829,Adventure
3240,831,Adventure
3241,862,Adventure
3242,877,Adventure
3243,890,Adventure
3244,897,Adventure
3245,919,Adventure
3246,924,Adventure
3247,930,Adventure
3248,947,Adventure
3249,951,Adventure
3250,982,Adventure
3251,993,Adventure
3252,1013,Adventure
3253,1016,Adventure
3254,1031,Adventure
3255,1033,Adventure
3256,1034,Adventure
3257,1058,Adventure
3258,1060,Adventure
3259,1076,Adventure
3260,1091,Adventure
3261,1105,Adventure
3262,1116,Adventure
3263,1126,Adventure
3264,1133,Adventure
3265,1239,Adventure
3266,1279,Adventure
3267,1293,Adventure
3268,1314,Adventure
3269,1383,Adventure
3270,1411,Adventure
3271,1450,Adventure
3272,1469,Adventure
3273,1480,Adventure
3274,1503,Adventure
3275,1515,Adventure
3276,1523,Adventure
3277,1531,Adventure
3278,1540,Adventure
3279,1555,Adventure
3280,1608,Adventure
3281,1615,Adventure
3282,1,Animation
3283,71,Animation
3284,95,Animation
3285,99,Animation
3286,101,Animation
3287,102,Animation
3288,103,Animation
3289,114,Animation
3290,169,Animation
3291,189,Animation
3292,206,Animation
3293,240,Animation
3294,404,Animation
3295,408,Animation
3296,418,Animation
3297,420,Animation
3298,422,Animation
3299,426,Animation
3300,432,Animation
3301,473,Animation
3302,501,Animation
3303,538,Animation
3304,542,Animation
3305,588,Animation
3306,596,Animation
3307,624,Animation
3308,625,Animation
3309,820,Animation
3310,946,Animation
3311,969,Animation
3312,989,Animation
3313,993,Animation
3314,1066,Animation
3315,1076,Animation
3316,1078,Animation
3317,1091,Animation
3318,1219,Animation
3319,1240,Animation
3320,1367,Animation
3321,1409,Animation
3322,1412,Animation
3323,1470,Animation
3324,1,Children's
3325,8,Children's
3326,35,Children's
3327,63,Children's
3328,71,Children's
3329,78,Children's
3330,91,Children's
3331,94,Children's
3332,95,Children's
3333,99,Children's
3334,102,Children's
3335,103,Children's
3336,112,Children's
3337,132,Children's
3338,138,Children's
3339,139,Children's
3340,140,Children's
3341,141,Children's
3342,142,Children's
3343,151,Children's
3344,225,Children's
3345,243,Children's
3346,247,Children's
3347,259,Children's
3348,261,Children's
3349,304,Children's
3350,308,Children's
3351,314,Children's
3352,374,Children's
3353,377,Children's
3354,383,Children's
3355,389,Children's
3356,398,Children's
3357,400,Children's
3358,404,Children's
3359,415,Children's
3360,416,Children's
3361,417,Children's
3362,418,Children's
3363,419,Children's
3364,420,Children's
3365,422,Children's
3366,423,Children's
3367,426,Children's
3368,432,Children's
3369,457,Children's
3370,465,Children's
3371,473,Children's
3372,477,Children's
3373,500,Children's
3374,501,Children's
3375,538,Children's
3376,539,Children's
3377,542,Children's
3378,548,Children's
3379,560,Children's
3380,584,Children's
3381,588,Children's
3382,596,Children's
3383,600,Children's
3384,622,Children's
3385,623,Children's
3386,624,Children's
3387,625,Children's
3388,626,Children's
3389,726,Children's
3390,755,Children's
3391,768,Children's
3392,791,Children's
3393,795,Children's
3394,812,Children's
3395,820,Children's
3396,828,Children's
3397,832,Children's
3398,842,Children's
3399,843,Children's
3400,862,Children's
3401,878,Children's
3402,892,Children's
3403,894,Children's
3404,929,Children's
3405,932,Children's
3406,946,Children's
3407,951,Children's
3408,969,Children's
3409,989,Children's
3410,993,Children's
3411,996,Children's
3412,1003,Children's
3413,1015,Children's
3414,1031,Children's
3415,1032,Children's
3416,1033,Children's
3417,1060,Children's
3418,1063,Children's
3419,1066,Children's
3420,1076,Children's
3421,1078,Children's
3422,1091,Children's
3423,1133,Children's
3424,1164,Children's
3425,1200,Children's
3426,1219,Children's
3427,1279,Children's
3428,1292,Children's
3429,1293,Children's
3430,1336,Children's
3431,1383,Children's
3432,1409,Children's
3433,1412,Children's
3434,1415,Children's
3435,1444,Children's
3436,1469,Children's
3437,1470,Children's
3438,1473,Children's
3439,1480,Children's
3440,1503,Children's
3441,1531,Children's
3442,1540,Children's
3443,1555,Children's
3444,1608,Children's
3445,1615,Children's
3446,1,Comedy
3447,4,Comedy
3448,8,Comedy
3449,13,Comedy
3450,16,Comedy
3451,17,Comedy
3452,21,Comedy
3453,25,Comedy
3454,26,Comedy
3455,29,Comedy
3456,34,Comedy
3457,40,Comedy
3458,41,Comedy
3459,42,Comedy
3460,45,Comedy
3461,47,Comedy
3462,49,Comedy
3463,63,Comedy
3464,65,Comedy
3465,66,Comedy
3466,67,Comedy
3467,69,Comedy
3468,70,Comedy
3469,72,Comedy
3470,73,Comedy
3471,74,Comedy
3472,80,Comedy
3473,81,Comedy
3474,83,Comedy
3475,85,Comedy
3476,88,Comedy
3477,90,Comedy
3478,91,Comedy
3479,93,Comedy
3480,94,Comedy
3481,95,Comedy
3482,104,Comedy
3483,105,Comedy
3484,108,Comedy
3485,109,Comedy
3486,110,Comedy
3487,111,Comedy
3488,116,Comedy
3489,120,Comedy
3490,122,Comedy
3491,123,Comedy
3492,138,Comedy
3493,139,Comedy
3494,150,Comedy
3495,151,Comedy
3496,152,Comedy
3497,153,Comedy
3498,154,Comedy
3499,158,Comedy
3500,163,Comedy
3501,167,Comedy
3502,168,Comedy
3503,169,Comedy
3504,170,Comedy
3505,171,Comedy
3506,173,Comedy
3507,184,Comedy
3508,186,Comedy
3509,189,Comedy
3510,194,Comedy
3511,201,Comedy
3512,202,Comedy
3513,204,Comedy
3514,208,Comedy
3515,209,Comedy
3516,211,Comedy
3517,216,Comedy
3518,220,Comedy
3519,225,Comedy
3520,231,Comedy
3521,232,Comedy
3522,235,Comedy
3523,236,Comedy
3524,238,Comedy
3525,240,Comedy
3526,242,Comedy
3527,243,Comedy
3528,248,Comedy
3529,249,Comedy
3530,251,Comedy
3531,255,Comedy
3532,256,Comedy
3533,257,Comedy
3534,259,Comedy
3535,261,Comedy
3536,269,Comedy
3537,274,Comedy
3538,284,Comedy
3539,290,Comedy
3540,294,Comedy
3541,301,Comedy
3542,312,Comedy
3543,316,Comedy
3544,319,Comedy
3545,321,Comedy
3546,335,Comedy
3547,337,Comedy
3548,338,Comedy
3549,341,Comedy
3550,342,Comedy
3551,345,Comedy
3552,347,Comedy
3553,352,Comedy
3554,354,Comedy
3555,362,Comedy
3556,364,Comedy
3557,367,Comedy
3558,368,Comedy
3559,369,Comedy
3560,372,Comedy
3561,376,Comedy
3562,377,Comedy
3563,381,Comedy
3564,382,Comedy
3565,383,Comedy
3566,384,Comedy
3567,385,Comedy
3568,386,Comedy
3569,388,Comedy
3570,390,Comedy
3571,391,Comedy
3572,393,Comedy
3573,394,Comedy
3574,395,Comedy
3575,396,Comedy
3576,399,Comedy
3577,400,Comedy
3578,401,Comedy
3579,402,Comedy
3580,407,Comedy
3581,408,Comedy
3582,409,Comedy
3583,410,Comedy
3584,411,Comedy
3585,412,Comedy
3586,414,Comedy
3587,415,Comedy
3588,419,Comedy
3589,422,Comedy
3590,425,Comedy
3591,428,Comedy
3592,430,Comedy
3593,433,Comedy
3594,435,Comedy
3595,451,Comedy
3596,456,Comedy
3597,476,Comedy
3598,477,Comedy
3599,478,Comedy
3600,480,Comedy
3601,481,Comedy
3602,482,Comedy
3603,486,Comedy
3604,487,Comedy
3605,490,Comedy
3606,494,Comedy
3607,495,Comedy
3608,497,Comedy
3609,502,Comedy
3610,512,Comedy
3611,514,Comedy
3612,516,Comedy
3613,517,Comedy
3614,522,Comedy
3615,523,Comedy
3616,524,Comedy
3617,535,Comedy
3618,539,Comedy
3619,545,Comedy
3620,560,Comedy
3621,564,Comedy
3622,571,Comedy
3623,575,Comedy
3624,577,Comedy
3625,579,Comedy
3626,580,Comedy
3627,585,Comedy
3628,598,Comedy
3629,604,Comedy
3630,609,Comedy
3631,613,Comedy
3632,623,Comedy
3633,629,Comedy
3634,630,Comedy
3635,637,Comedy
3636,648,Comedy
3637,652,Comedy
3638,655,Comedy
3639,659,Comedy
3640,663,Comedy
3641,683,Comedy
3642,687,Comedy
3643,688,Comedy
3644,692,Comedy
3645,695,Comedy
3646,700,Comedy
3647,702,Comedy
3648,709,Comedy
3649,710,Comedy
3650,712,Comedy
3651,715,Comedy
3652,718,Comedy
3653,719,Comedy
3654,721,Comedy
3655,722,Comedy
3656,723,Comedy
3657,725,Comedy
3658,728,Comedy
3659,731,Comedy
3660,732,Comedy
3661,734,Comedy
3662,737,Comedy
3663,738,Comedy
3664,739,Comedy
3665,745,Comedy
3666,746,Comedy
3667,747,Comedy
3668,749,Comedy
3669,756,Comedy
3670,763,Comedy
3671,764,Comedy
3672,765,Comedy
3673,775,Comedy
3674,778,Comedy
3675,780,Comedy
3676,781,Comedy
3677,783,Comedy
3678,785,Comedy
3679,786,Comedy
3680,787,Comedy
3681,789,Comedy
3682,790,Comedy
3683,792,Comedy
3684,793,Comedy
3685,795,Comedy
3686,796,Comedy
3687,801,Comedy
3688,804,Comedy
3689,805,Comedy
3690,818,Comedy
3691,819,Comedy
3692,820,Comedy
3693,821,Comedy
3694,824,Comedy
3695,835,Comedy
3696,836,Comedy
3697,842,Comedy
3698,843,Comedy
3699,845,Comedy
3700,853,Comedy
3701,854,Comedy
3702,856,Comedy
3703,859,Comedy
3704,862,Comedy
3705,864,Comedy
3706,866,Comedy
3707,869,Comedy
3708,871,Comedy
3709,873,Comedy
3710,876,Comedy
3711,878,Comedy
3712,881,Comedy
3713,892,Comedy
3714,893,Comedy
3715,894,Comedy
3716,901,Comedy
3717,902,Comedy
3718,904,Comedy
3719,907,Comedy
3720,908,Comedy
3721,913,Comedy
3722,926,Comedy
3723,929,Comedy
3724,932,Comedy
3725,936,Comedy
3726,938,Comedy
3727,940,Comedy
3728,941,Comedy
3729,944,Comedy
3730,945,Comedy
3731,948,Comedy
3732,952,Comedy
3733,953,Comedy
3734,957,Comedy
3735,959,Comedy
3736,964,Comedy
3737,965,Comedy
3738,970,Comedy
3739,971,Comedy
3740,988,Comedy
3741,992,Comedy
3742,993,Comedy
3743,995,Comedy
3744,996,Comedy
3745,997,Comedy
3746,998,Comedy
3747,999,Comedy
3748,1000,Comedy
3749,1001,Comedy
3750,1002,Comedy
3751,1003,Comedy
3752,1007,Comedy
3753,1012,Comedy
3754,1014,Comedy
3755,1023,Comedy
3756,1026,Comedy
3757,1028,Comedy
3758,1029,Comedy
3759,1030,Comedy
3760,1032,Comedy
3761,1035,Comedy
3762,1036,Comedy
3763,1037,Comedy
3764,1040,Comedy
3765,1041,Comedy
3766,1043,Comedy
3767,1044,Comedy
3768,1047,Comedy
3769,1048,Comedy
3770,1049,Comedy
3771,1051,Comedy
3772,1052,Comedy
3773,1054,Comedy
3774,1057,Comedy
3775,1059,Comedy
3776,1061,Comedy
3777,1067,Comedy
3778,1070,Comedy
3779,1071,Comedy
3780,1072,Comedy
3781,1074,Comedy
3782,1079,Comedy
3783,1080,Comedy
3784,1092,Comedy
3785,1093,Comedy
3786,1094,Comedy
3787,1095,Comedy
3788,1098,Comedy
3789,1100,Comedy
3790,1102,Comedy
3791,1103,Comedy
3792,1104,Comedy
3793,1110,Comedy
3794,1114,Comedy
3795,1115,Comedy
3796,1118,Comedy
3797,1120,Comedy
3798,1138,Comedy
3799,1140,Comedy
3800,1155,Comedy
3801,1162,Comedy
3802,1165,Comedy
3803,1166,Comedy
3804,1167,Comedy
3805,1170,Comedy
3806,1172,Comedy
3807,1177,Comedy
3808,1178,Comedy
3809,1179,Comedy
3810,1180,Comedy
3811,1181,Comedy
3812,1182,Comedy
3813,1183,Comedy
3814,1185,Comedy
3815,1186,Comedy
3816,1188,Comedy
3817,1190,Comedy
3818,1197,Comedy
3819,1199,Comedy
3820,1202,Comedy
3821,1203,Comedy
3822,1204,Comedy
3823,1206,Comedy
3824,1209,Comedy
3825,1218,Comedy
3826,1219,Comedy
3827,1225,Comedy
3828,1230,Comedy
3829,1234,Comedy
3830,1237,Comedy
3831,1241,Comedy
3832,1242,Comedy
3833,1246,Comedy
3834,1249,Comedy
3835,1251,Comedy
3836,1254,Comedy
3837,1258,Comedy
3838,1259,Comedy
3839,1269,Comedy
3840,1270,Comedy
3841,1271,Comedy
3842,1272,Comedy
3843,1283,Comedy
3844,1286,Comedy
3845,1287,Comedy
3846,1288,Comedy
3847,1291,Comedy
3848,1295,Comedy
3849,1296,Comedy
3850,1298,Comedy
3851,1301,Comedy
3852,1302,Comedy
3853,1305,Comedy
3854,1308,Comedy
3855,1311,Comedy
3856,1312,Comedy
3857,1321,Comedy
3858,1322,Comedy
3859,1333,Comedy
3860,1336,Comedy
3861,1337,Comedy
3862,1339,Comedy
3863,1349,Comedy
3864,1351,Comedy
3865,1356,Comedy
3866,1360,Comedy
3867,1361,Comedy
3868,1371,Comedy
3869,1374,Comedy
3870,1376,Comedy
3871,1377,Comedy
3872,1385,Comedy
3873,1403,Comedy
3874,1404,Comedy
3875,1408,Comedy
3876,1420,Comedy
3877,1424,Comedy
3878,1425,Comedy
3879,1426,Comedy
3880,1428,Comedy
3881,1435,Comedy
3882,1437,Comedy
3883,1444,Comedy
3884,1446,Comedy
3885,1452,Comedy
3886,1456,Comedy
3887,1457,Comedy
3888,1458,Comedy
3889,1460,Comedy
3890,1461,Comedy
3891,1463,Comedy
3892,1465,Comedy
3893,1472,Comedy
3894,1474,Comedy
3895,1475,Comedy
3896,1479,Comedy
3897,1480,Comedy
3898,1484,Comedy
3899,1487,Comedy
3900,1489,Comedy
3901,1490,Comedy
3902,1492,Comedy
3903,1494,Comedy
3904,1496,Comedy
3905,1498,Comedy
3906,1499,Comedy
3907,1500,Comedy
3908,1502,Comedy
3909,1504,Comedy
3910,1507,Comedy
3911,1509,Comedy
3912,1511,Comedy
3913,1513,Comedy
3914,1521,Comedy
3915,1525,Comedy
3916,1527,Comedy
3917,1534,Comedy
3918,1537,Comedy
3919,1544,Comedy
3920,1550,Comedy
3921,1557,Comedy
3922,1567,Comedy
3923,1568,Comedy
3924,1569,Comedy
3925,1570,Comedy
3926,1588,Comedy
3927,1589,Comedy
3928,1593,Comedy
3929,1600,Comedy
3930,1605,Comedy
3931,1609,Comedy
3932,1611,Comedy
3933,1614,Comedy
3934,1620,Comedy
3935,1622,Comedy
3936,1626,Comedy
3937,1627,Comedy
3938,1631,Comedy
3939,1633,Comedy
3940,1644,Comedy
3941,1647,Comedy
3942,1649,Comedy
3943,1654,Comedy
3944,1655,Comedy
3945,1656,Comedy
3946,1659,Comedy
3947,1664,Comedy
3948,1668,Comedy
3949,1670,Comedy
3950,1681,Comedy
3951,5,Crime
3952,11,Crime
3953,12,Crime
3954,17,Crime
3955,24,Crime
3956,29,Crime
3957,39,Crime
3958,55,Crime
3959,56,Crime
3960,72,Crime
3961,76,Crime
3962,92,Crime
3963,100,Crime
3964,120,Crime
3965,127,Crime
3966,129,Crime
3967,130,Crime
3968,156,Crime
3969,182,Crime
3970,187,Crime
3971,194,Crime
3972,231,Crime
3973,239,Crime
3974,248,Crime
3975,254,Crime
3976,273,Crime
3977,293,Crime
3978,299,Crime
3979,302,Crime
3980,307,Crime
3981,309,Crime
3982,312,Crime
3983,327,Crime
3984,329,Crime
3985,332,Crime
3986,334,Crime
3987,336,Crime
3988,346,Crime
3989,348,Crime
3990,361,Crime
3991,396,Crime
3992,403,Crime
3993,482,Crime
3994,504,Crime
3995,544,Crime
3996,547,Crime
3997,576,Crime
3998,583,Crime
3999,611,Crime
4000,628,Crime
4001,642,Crime
4002,649,Crime
4003,653,Crime
4004,656,Crime
4005,754,Crime
4006,770,Crime
4007,802,Crime
4008,806,Crime
4009,823,Crime
4010,844,Crime
4011,902,Crime
4012,911,Crime
4013,914,Crime
4014,991,Crime
4015,1011,Crime
4016,1064,Crime
4017,1069,Crime
4018,1081,Crime
4019,1083,Crime
4020,1104,Crime
4021,1106,Crime
4022,1122,Crime
4023,1138,Crime
4024,1139,Crime
4025,1143,Crime
4026,1151,Crime
4027,1156,Crime
4028,1187,Crime
4029,1191,Crime
4030,1194,Crime
4031,1198,Crime
4032,1208,Crime
4033,1213,Crime
4034,1226,Crime
4035,1235,Crime
4036,1245,Crime
4037,1277,Crime
4038,1280,Crime
4039,1304,Crime
4040,1390,Crime
4041,1439,Crime
4042,1453,Crime
4043,1462,Crime
4044,1478,Crime
4045,1496,Crime
4046,1505,Crime
4047,1510,Crime
4048,1519,Crime
4049,1534,Crime
4050,1560,Crime
4051,1586,Crime
4052,1598,Crime
4053,1604,Crime
4054,1606,Crime
4055,1610,Crime
4056,1618,Crime
4057,1638,Crime
4058,1647,Crime
4059,1669,Crime
4060,32,Documentary
4061,48,Documentary
4062,75,Documentary
4063,115,Documentary
4064,119,Documentary
4065,320,Documentary
4066,360,Documentary
4067,634,Documentary
4068,644,Documentary
4069,645,Documentary
4070,677,Documentary
4071,701,Documentary
4072,757,Documentary
4073,766,Documentary
4074,811,Documentary
4075,813,Documentary
4076,814,Documentary
4077,847,Documentary
4078,850,Documentary
4079,857,Documentary
4080,884,Documentary
4081,954,Documentary
4082,973,Documentary
4083,1022,Documentary
4084,1065,Documentary
4085,1084,Documentary
4086,1128,Documentary
4087,1130,Documentary
4088,1141,Documentary
4089,1142,Documentary
4090,1184,Documentary
4091,1201,Documentary
4092,1232,Documentary
4093,1294,Documentary
4094,1307,Documentary
4095,1318,Documentary
4096,1331,Documentary
4097,1363,Documentary
4098,1366,Documentary
4099,1378,Documentary
4100,1482,Documentary
4101,1497,Documentary
4102,1547,Documentary
4103,1561,Documentary
4104,1562,Documentary
4105,1585,Documentary
4106,1594,Documentary
4107,1629,Documentary
4108,1641,Documentary
4109,1649,Documentary
4110,4,Drama
4111,5,Drama
4112,6,Drama
4113,7,Drama
4114,8,Drama
4115,9,Drama
4116,10,Drama
4117,14,Drama
4118,15,Drama
4119,18,Drama
4120,19,Drama
4121,20,Drama
4122,22,Drama
4123,23,Drama
4124,28,Drama
4125,30,Drama
4126,31,Drama
4127,34,Drama
4128,35,Drama
4129,36,Drama
4130,37,Drama
4131,43,Drama
4132,44,Drama
4133,45,Drama
4134,46,Drama
4135,47,Drama
4136,51,Drama
4137,52,Drama
4138,54,Drama
4139,55,Drama
4140,56,Drama
4141,57,Drama
4142,58,Drama
4143,59,Drama
4144,60,Drama
4145,61,Drama
4146,64,Drama
4147,65,Drama
4148,74,Drama
4149,76,Drama
4150,77,Drama
4151,78,Drama
4152,86,Drama
4153,87,Drama
4154,93,Drama
4155,97,Drama
4156,98,Drama
4157,100,Drama
4158,106,Drama
4159,107,Drama
4160,113,Drama
4161,124,Drama
4162,125,Drama
4163,126,Drama
4164,127,Drama
4165,129,Drama
4166,131,Drama
4167,132,Drama
4168,133,Drama
4169,134,Drama
4170,135,Drama
4171,136,Drama
4172,137,Drama
4173,146,Drama
4174,149,Drama
4175,150,Drama
4176,157,Drama
4177,160,Drama
4178,162,Drama
4179,165,Drama
4180,166,Drama
4181,170,Drama
4182,172,Drama
4183,178,Drama
4184,180,Drama
4185,182,Drama
4186,187,Drama
4187,188,Drama
4188,190,Drama
4189,191,Drama
4190,192,Drama
4191,193,Drama
4192,196,Drama
4193,197,Drama
4194,199,Drama
4195,205,Drama
4196,207,Drama
4197,209,Drama
4198,212,Drama
4199,213,Drama
4200,214,Drama
4201,215,Drama
4202,221,Drama
4203,223,Drama
4204,224,Drama
4205,236,Drama
4206,237,Drama
4207,239,Drama
4208,244,Drama
4209,245,Drama
4210,246,Drama
4211,253,Drama
4212,258,Drama
4213,262,Drama
4214,268,Drama
4215,270,Drama
4216,272,Drama
4217,275,Drama
4218,276,Drama
4219,277,Drama
4220,278,Drama
4221,279,Drama
4222,280,Drama
4223,282,Drama
4224,283,Drama
4225,285,Drama
4226,286,Drama
4227,287,Drama
4228,289,Drama
4229,292,Drama
4230,293,Drama
4231,296,Drama
4232,297,Drama
4233,299,Drama
4234,303,Drama
4235,305,Drama
4236,306,Drama
4237,308,Drama
4238,310,Drama
4239,311,Drama
4240,312,Drama
4241,313,Drama
4242,315,Drama
4243,316,Drama
4244,317,Drama
4245,318,Drama
4246,325,Drama
4247,326,Drama
4248,327,Drama
4249,329,Drama
4250,330,Drama
4251,332,Drama
4252,337,Drama
4253,339,Drama
4254,340,Drama
4255,344,Drama
4256,345,Drama
4257,346,Drama
4258,347,Drama
4259,348,Drama
4260,356,Drama
4261,357,Drama
4262,365,Drama
4263,366,Drama
4264,370,Drama
4265,371,Drama
4266,375,Drama
4267,378,Drama
4268,382,Drama
4269,387,Drama
4270,392,Drama
4271,403,Drama
4272,409,Drama
4273,416,Drama
4274,417,Drama
4275,421,Drama
4276,423,Drama
4277,427,Drama
4278,429,Drama
4279,454,Drama
4280,457,Drama
4281,458,Drama
4282,459,Drama
4283,460,Drama
4284,461,Drama
4285,462,Drama
4286,464,Drama
4287,467,Drama
4288,468,Drama
4289,469,Drama
4290,471,Drama
4291,475,Drama
4292,481,Drama
4293,483,Drama
4294,492,Drama
4295,496,Drama
4296,499,Drama
4297,503,Drama
4298,504,Drama
4299,506,Drama
4300,507,Drama
4301,508,Drama
4302,509,Drama
4303,510,Drama
4304,512,Drama
4305,515,Drama
4306,517,Drama
4307,518,Drama
4308,521,Drama
4309,522,Drama
4310,523,Drama
4311,526,Drama
4312,527,Drama
4313,528,Drama
4314,529,Drama
4315,531,Drama
4316,534,Drama
4317,536,Drama
4318,537,Drama
4319,543,Drama
4320,544,Drama
4321,549,Drama
4322,553,Drama
4323,555,Drama
4324,557,Drama
4325,558,Drama
4326,559,Drama
4327,561,Drama
4328,569,Drama
4329,581,Drama
4330,582,Drama
4331,584,Drama
4332,587,Drama
4333,591,Drama
4334,594,Drama
4335,598,Drama
4336,606,Drama
4337,612,Drama
4338,614,Drama
4339,617,Drama
4340,618,Drama
4341,619,Drama
4342,620,Drama
4343,626,Drama
4344,627,Drama
4345,628,Drama
4346,631,Drama
4347,632,Drama
4348,633,Drama
4349,638,Drama
4350,639,Drama
4351,640,Drama
4352,641,Drama
4353,642,Drama
4354,643,Drama
4355,647,Drama
4356,649,Drama
4357,650,Drama
4358,651,Drama
4359,652,Drama
4360,655,Drama
4361,658,Drama
4362,660,Drama
4363,662,Drama
4364,664,Drama
4365,676,Drama
4366,678,Drama
4367,686,Drama
4368,690,Drama
4369,692,Drama
4370,693,Drama
4371,695,Drama
4372,696,Drama
4373,697,Drama
4374,698,Drama
4375,699,Drama
4376,703,Drama
4377,704,Drama
4378,707,Drama
4379,708,Drama
4380,711,Drama
4381,712,Drama
4382,713,Drama
4383,714,Drama
4384,715,Drama
4385,716,Drama
4386,717,Drama
4387,720,Drama
4388,723,Drama
4389,724,Drama
4390,726,Drama
4391,727,Drama
4392,729,Drama
4393,730,Drama
4394,731,Drama
4395,733,Drama
4396,735,Drama
4397,736,Drama
4398,737,Drama
4399,740,Drama
4400,741,Drama
4401,742,Drama
4402,744,Drama
4403,750,Drama
4404,753,Drama
4405,762,Drama
4406,772,Drama
4407,775,Drama
4408,776,Drama
4409,778,Drama
4410,782,Drama
4411,784,Drama
4412,787,Drama
4413,789,Drama
4414,794,Drama
4415,799,Drama
4416,803,Drama
4417,806,Drama
4418,807,Drama
4419,808,Drama
4420,809,Drama
4421,815,Drama
4422,817,Drama
4423,822,Drama
4424,832,Drama
4425,837,Drama
4426,840,Drama
4427,842,Drama
4428,846,Drama
4429,847,Drama
4430,851,Drama
4431,852,Drama
4432,855,Drama
4433,856,Drama
4434,863,Drama
4435,865,Drama
4436,867,Drama
4437,868,Drama
4438,874,Drama
4439,875,Drama
4440,880,Drama
4441,882,Drama
4442,883,Drama
4443,887,Drama
4444,888,Drama
4445,891,Drama
4446,896,Drama
4447,898,Drama
4448,899,Drama
4449,900,Drama
4450,903,Drama
4451,904,Drama
4452,905,Drama
4453,906,Drama
4454,909,Drama
4455,910,Drama
4456,911,Drama
4457,914,Drama
4458,915,Drama
4459,917,Drama
4460,920,Drama
4461,921,Drama
4462,923,Drama
4463,924,Drama
4464,927,Drama
4465,928,Drama
4466,933,Drama
4467,934,Drama
4468,935,Drama
4469,936,Drama
4470,937,Drama
4471,939,Drama
4472,941,Drama
4473,942,Drama
4474,944,Drama
4475,949,Drama
4476,950,Drama
4477,953,Drama
4478,955,Drama
4479,956,Drama
4480,958,Drama
4481,960,Drama
4482,961,Drama
4483,962,Drama
4484,963,Drama
4485,964,Drama
4486,967,Drama
4487,972,Drama
4488,974,Drama
4489,979,Drama
4490,980,Drama
4491,981,Drama
4492,985,Drama
4493,990,Drama
4494,994,Drama
4495,1004,Drama
4496,1005,Drama
4497,1006,Drama
4498,1008,Drama
4499,1009,Drama
4500,1010,Drama
4501,1012,Drama
4502,1015,Drama
4503,1017,Drama
4504,1018,Drama
4505,1021,Drama
4506,1025,Drama
4507,1026,Drama
4508,1039,Drama
4509,1044,Drama
4510,1045,Drama
4511,1050,Drama
4512,1053,Drama
4513,1055,Drama
4514,1058,Drama
4515,1061,Drama
4516,1062,Drama
4517,1063,Drama
4518,1068,Drama
4519,1069,Drama
4520,1074,Drama
4521,1075,Drama
4522,1082,Drama
4523,1085,Drama
4524,1086,Drama
4525,1097,Drama
4526,1099,Drama
4527,1100,Drama
4528,1101,Drama
4529,1103,Drama
4530,1104,Drama
4531,1106,Drama
4532,1107,Drama
4533,1108,Drama
4534,1109,Drama
4535,1111,Drama
4536,1112,Drama
4537,1113,Drama
4538,1115,Drama
4539,1117,Drama
4540,1119,Drama
4541,1121,Drama
4542,1122,Drama
4543,1123,Drama
4544,1126,Drama
4545,1127,Drama
4546,1129,Drama
4547,1132,Drama
4548,1134,Drama
4549,1135,Drama
4550,1136,Drama
4551,1137,Drama
4552,1138,Drama
4553,1144,Drama
4554,1145,Drama
4555,1146,Drama
4556,1147,Drama
4557,1148,Drama
4558,1149,Drama
4559,1150,Drama
4560,1153,Drama
4561,1156,Drama
4562,1158,Drama
4563,1160,Drama
4564,1161,Drama
4565,1163,Drama
4566,1165,Drama
4567,1168,Drama
4568,1169,Drama
4569,1170,Drama
4570,1171,Drama
4571,1173,Drama
4572,1174,Drama
4573,1176,Drama
4574,1186,Drama
4575,1189,Drama
4576,1191,Drama
4577,1192,Drama
4578,1193,Drama
4579,1194,Drama
4580,1195,Drama
4581,1196,Drama
4582,1197,Drama
4583,1200,Drama
4584,1204,Drama
4585,1205,Drama
4586,1208,Drama
4587,1211,Drama
4588,1212,Drama
4589,1213,Drama
4590,1214,Drama
4591,1220,Drama
4592,1221,Drama
4593,1223,Drama
4594,1224,Drama
4595,1226,Drama
4596,1227,Drama
4597,1229,Drama
4598,1231,Drama
4599,1233,Drama
4600,1236,Drama
4601,1237,Drama
4602,1238,Drama
4603,1241,Drama
4604,1252,Drama
4605,1255,Drama
4606,1256,Drama
4607,1257,Drama
4608,1260,Drama
4609,1261,Drama
4610,1263,Drama
4611,1264,Drama
4612,1265,Drama
4613,1266,Drama
4614,1267,Drama
4615,1268,Drama
4616,1272,Drama
4617,1273,Drama
4618,1276,Drama
4619,1278,Drama
4620,1281,Drama
4621,1282,Drama
4622,1284,Drama
4623,1285,Drama
4624,1290,Drama
4625,1295,Drama
4626,1296,Drama
4627,1297,Drama
4628,1299,Drama
4629,1300,Drama
4630,1306,Drama
4631,1308,Drama
4632,1309,Drama
4633,1310,Drama
4634,1311,Drama
4635,1312,Drama
4636,1315,Drama
4637,1316,Drama
4638,1317,Drama
4639,1319,Drama
4640,1320,Drama
4641,1323,Drama
4642,1324,Drama
4643,1325,Drama
4644,1326,Drama
4645,1327,Drama
4646,1328,Drama
4647,1329,Drama
4648,1330,Drama
4649,1332,Drama
4650,1333,Drama
4651,1334,Drama
4652,1335,Drama
4653,1338,Drama
4654,1339,Drama
4655,1341,Drama
4656,1342,Drama
4657,1343,Drama
4658,1344,Drama
4659,1345,Drama
4660,1346,Drama
4661,1347,Drama
4662,1348,Drama
4663,1350,Drama
4664,1352,Drama
4665,1354,Drama
4666,1355,Drama
4667,1359,Drama
4668,1365,Drama
4669,1366,Drama
4670,1368,Drama
4671,1369,Drama
4672,1370,Drama
4673,1375,Drama
4674,1380,Drama
4675,1381,Drama
4676,1382,Drama
4677,1384,Drama
4678,1388,Drama
4679,1389,Drama
4680,1391,Drama
4681,1392,Drama
4682,1395,Drama
4683,1396,Drama
4684,1397,Drama
4685,1398,Drama
4686,1400,Drama
4687,1401,Drama
4688,1402,Drama
4689,1403,Drama
4690,1405,Drama
4691,1406,Drama
4692,1410,Drama
4693,1417,Drama
4694,1418,Drama
4695,1421,Drama
4696,1423,Drama
4697,1424,Drama
4698,1425,Drama
4699,1426,Drama
4700,1427,Drama
4701,1429,Drama
4702,1430,Drama
4703,1432,Drama
4704,1433,Drama
4705,1436,Drama
4706,1438,Drama
4707,1439,Drama
4708,1440,Drama
4709,1441,Drama
4710,1442,Drama
4711,1443,Drama
4712,1445,Drama
4713,1447,Drama
4714,1448,Drama
4715,1449,Drama
4716,1453,Drama
4717,1456,Drama
4718,1457,Drama
4719,1460,Drama
4720,1462,Drama
4721,1464,Drama
4722,1465,Drama
4723,1466,Drama
4724,1467,Drama
4725,1468,Drama
4726,1473,Drama
4727,1475,Drama
4728,1478,Drama
4729,1481,Drama
4730,1483,Drama
4731,1485,Drama
4732,1486,Drama
4733,1488,Drama
4734,1491,Drama
4735,1495,Drama
4736,1505,Drama
4737,1506,Drama
4738,1508,Drama
4739,1512,Drama
4740,1514,Drama
4741,1516,Drama
4742,1517,Drama
4743,1518,Drama
4744,1519,Drama
4745,1524,Drama
4746,1526,Drama
4747,1528,Drama
4748,1530,Drama
4749,1532,Drama
4750,1533,Drama
4751,1535,Drama
4752,1536,Drama
4753,1538,Drama
4754,1539,Drama
4755,1541,Drama
4756,1542,Drama
4757,1543,Drama
4758,1545,Drama
4759,1546,Drama
4760,1551,Drama
4761,1554,Drama
4762,1556,Drama
4763,1557,Drama
4764,1558,Drama
4765,1559,Drama
4766,1561,Drama
4767,1564,Drama
4768,1565,Drama
4769,1566,Drama
4770,1569,Drama
4771,1571,Drama
4772,1572,Drama
4773,1575,Drama
4774,1577,Drama
4775,1578,Drama
4776,1583,Drama
4777,1584,Drama
4778,1586,Drama
4779,1588,Drama
4780,1590,Drama
4781,1591,Drama
4782,1592,Drama
4783,1597,Drama
4784,1599,Drama
4785,1602,Drama
4786,1603,Drama
4787,1607,Drama
4788,1608,Drama
4789,1613,Drama
4790,1614,Drama
4791,1616,Drama
4792,1619,Drama
4793,1623,Drama
4794,1626,Drama
4795,1627,Drama
4796,1628,Drama
4797,1630,Drama
4798,1631,Drama
4799,1633,Drama
4800,1634,Drama
4801,1635,Drama
4802,1636,Drama
4803,1637,Drama
4804,1638,Drama
4805,1639,Drama
4806,1640,Drama
4807,1642,Drama
4808,1643,Drama
4809,1645,Drama
4810,1646,Drama
4811,1647,Drama
4812,1648,Drama
4813,1650,Drama
4814,1651,Drama
4815,1653,Drama
4816,1657,Drama
4817,1658,Drama
4818,1660,Drama
4819,1661,Drama
4820,1662,Drama
4821,1663,Drama
4822,1665,Drama
4823,1666,Drama
4824,1667,Drama
4825,1669,Drama
4826,1671,Drama
4827,1672,Drama
4828,1674,Drama
4829,1675,Drama
4830,1676,Drama
4831,1677,Drama
4832,1678,Drama
4833,1680,Drama
4834,1682,Drama
4835,72,Fantasy
4836,141,Fantasy
4837,308,Fantasy
4838,411,Fantasy
4839,423,Fantasy
4840,472,Fantasy
4841,548,Fantasy
4842,558,Fantasy
4843,560,Fantasy
4844,755,Fantasy
4845,820,Fantasy
4846,832,Fantasy
4847,892,Fantasy
4848,951,Fantasy
4849,1036,Fantasy
4850,1076,Fantasy
4851,1133,Fantasy
4852,1292,Fantasy
4853,1293,Fantasy
4854,1336,Fantasy
4855,1576,Fantasy
4856,1615,Fantasy
4857,89,Film-Noir
4858,299,Film-Noir
4859,302,Film-Noir
4860,484,Film-Noir
4861,488,Film-Noir
4862,489,Film-Noir
4863,525,Film-Noir
4864,611,Film-Noir
4865,642,Film-Noir
4866,653,Film-Noir
4867,654,Film-Noir
4868,656,Film-Noir
4869,657,Film-Noir
4870,673,Film-Noir
4871,691,Film-Noir
4872,770,Film-Noir
4873,823,Film-Noir
4874,848,Film-Noir
4875,1064,Film-Noir
4876,1313,Film-Noir
4877,1422,Film-Noir
4878,1476,Film-Noir
4879,1582,Film-Noir
4880,1604,Film-Noir
4881,17,Horror
4882,84,Horror
4883,101,Horror
4884,123,Horror
4885,183,Horror
4886,184,Horror
4887,185,Horror
4888,200,Horror
4889,201,Horror
4890,208,Horror
4891,217,Horror
4892,219,Horror
4893,234,Horror
4894,288,Horror
4895,307,Horror
4896,343,Horror
4897,351,Horror
4898,353,Horror
4899,379,Horror
4900,396,Horror
4901,406,Horror
4902,413,Horror
4903,424,Horror
4904,436,Horror
4905,437,Horror
4906,438,Horror
4907,439,Horror
4908,440,Horror
4909,441,Horror
4910,442,Horror
4911,443,Horror
4912,444,Horror
4913,445,Horror
4914,446,Horror
4915,447,Horror
4916,448,Horror
4917,452,Horror
4918,453,Horror
4919,551,Horror
4920,559,Horror
4921,561,Horror
4922,563,Horror
4923,564,Horror
4924,565,Horror
4925,567,Horror
4926,569,Horror
4927,573,Horror
4928,590,Horror
4929,616,Horror
4930,635,Horror
4931,637,Horror
4932,665,Horror
4933,666,Horror
4934,667,Horror
4935,668,Horror
4936,669,Horror
4937,670,Horror
4938,671,Horror
4939,672,Horror
4940,674,Horror
4941,675,Horror
4942,681,Horror
4943,682,Horror
4944,706,Horror
4945,767,Horror
4946,774,Horror
4947,777,Horror
4948,784,Horror
4949,788,Horror
4950,800,Horror
4951,816,Horror
4952,834,Horror
4953,839,Horror
4954,853,Horror
4955,854,Horror
4956,858,Horror
4957,859,Horror
4958,860,Horror
4959,861,Horror
4960,885,Horror
4961,895,Horror
4962,928,Horror
4963,1052,Horror
4964,1056,Horror
4965,1157,Horror
4966,1199,Horror
4967,1243,Horror
4968,1371,Horror
4969,1477,Horror
4970,1520,Horror
4971,1573,Horror
4972,1625,Horror
4973,21,Musical
4974,71,Musical
4975,91,Musical
4976,95,Musical
4977,99,Musical
4978,103,Musical
4979,132,Musical
4980,142,Musical
4981,143,Musical
4982,155,Musical
4983,186,Musical
4984,209,Musical
4985,214,Musical
4986,289,Musical
4987,319,Musical
4988,352,Musical
4989,362,Musical
4990,418,Musical
4991,419,Musical
4992,420,Musical
4993,432,Musical
4994,451,Musical
4995,473,Musical
4996,485,Musical
4997,501,Musical
4998,538,Musical
4999,542,Musical
5000,543,Musical
5001,557,Musical
5002,588,Musical
5003,596,Musical
5004,602,Musical
5005,605,Musical
5006,610,Musical
5007,624,Musical
5008,629,Musical
5009,630,Musical
5010,705,Musical
5011,835,Musical
5012,965,Musical
5013,968,Musical
5014,989,Musical
5015,993,Musical
5016,1037,Musical
5017,1079,Musical
5018,1091,Musical
5019,1110,Musical
5020,1121,Musical
5021,1135,Musical
5022,1153,Musical
5023,1203,Musical
5024,1278,Musical
5025,1286,Musical
5026,1298,Musical
5027,1458,Musical
5028,1459,Musical
5029,124,Mystery
5030,135,Mystery
5031,159,Mystery
5032,191,Mystery
5033,260,Mystery
5034,291,Mystery
5035,302,Mystery
5036,307,Mystery
5037,312,Mystery
5038,322,Mystery
5039,324,Mystery
5040,327,Mystery
5041,328,Mystery
5042,333,Mystery
5043,334,Mystery
5044,342,Mystery
5045,350,Mystery
5046,356,Mystery
5047,394,Mystery
5048,405,Mystery
5049,479,Mystery
5050,484,Mystery
5051,493,Mystery
5052,505,Mystery
5053,513,Mystery
5054,525,Mystery
5055,533,Mystery
5056,574,Mystery
5057,587,Mystery
5058,592,Mystery
5059,603,Mystery
5060,608,Mystery
5061,611,Mystery
5062,654,Mystery
5063,659,Mystery
5064,682,Mystery
5065,769,Mystery
5066,770,Mystery
5067,805,Mystery
5068,809,Mystery
5069,830,Mystery
5070,855,Mystery
5071,878,Mystery
5072,902,Mystery
5073,914,Mystery
5074,945,Mystery
5075,978,Mystery
5076,1003,Mystery
5077,1020,Mystery
5078,1042,Mystery
5079,1101,Mystery
5080,1129,Mystery
5081,1159,Mystery
5082,1212,Mystery
5083,1284,Mystery
5084,1313,Mystery
5085,1444,Mystery
5086,1452,Mystery
5087,1553,Mystery
5088,1581,Mystery
5089,1669,Mystery
5090,14,Romance
5091,16,Romance
5092,20,Romance
5093,33,Romance
5094,36,Romance
5095,49,Romance
5096,50,Romance
5097,51,Romance
5098,55,Romance
5099,66,Romance
5100,68,Romance
5101,69,Romance
5102,70,Romance
5103,81,Romance
5104,83,Romance
5105,88,Romance
5106,90,Romance
5107,92,Romance
5108,111,Romance
5109,125,Romance
5110,129,Romance
5111,131,Romance
5112,133,Romance
5113,155,Romance
5114,161,Romance
5115,170,Romance
5116,172,Romance
5117,173,Romance
5118,181,Romance
5119,185,Romance
5120,197,Romance
5121,202,Romance
5122,207,Romance
5123,213,Romance
5124,216,Romance
5125,217,Romance
5126,220,Romance
5127,237,Romance
5128,241,Romance
5129,246,Romance
5130,253,Romance
5131,255,Romance
5132,256,Romance
5133,268,Romance
5134,274,Romance
5135,275,Romance
5136,276,Romance
5137,278,Romance
5138,280,Romance
5139,283,Romance
5140,284,Romance
5141,286,Romance
5142,306,Romance
5143,311,Romance
5144,313,Romance
5145,319,Romance
5146,328,Romance
5147,354,Romance
5148,371,Romance
5149,381,Romance
5150,385,Romance
5151,394,Romance
5152,402,Romance
5153,411,Romance
5154,421,Romance
5155,451,Romance
5156,462,Romance
5157,465,Romance
5158,478,Romance
5159,483,Romance
5160,485,Romance
5161,486,Romance
5162,487,Romance
5163,489,Romance
5164,490,Romance
5165,498,Romance
5166,512,Romance
5167,514,Romance
5168,517,Romance
5169,531,Romance
5170,532,Romance
5171,535,Romance
5172,542,Romance
5173,544,Romance
5174,545,Romance
5175,549,Romance
5176,553,Romance
5177,560,Romance
5178,568,Romance
5179,574,Romance
5180,580,Romance
5181,582,Romance
5182,594,Romance
5183,602,Romance
5184,607,Romance
5185,608,Romance
5186,631,Romance
5187,643,Romance
5188,648,Romance
5189,662,Romance
5190,692,Romance
5191,694,Romance
5192,702,Romance
5193,704,Romance
5194,705,Romance
5195,709,Romance
5196,714,Romance
5197,716,Romance
5198,720,Romance
5199,724,Romance
5200,727,Romance
5201,730,Romance
5202,731,Romance
5203,732,Romance
5204,733,Romance
5205,736,Romance
5206,738,Romance
5207,739,Romance
5208,740,Romance
5209,747,Romance
5210,748,Romance
5211,749,Romance
5212,751,Romance
5213,764,Romance
5214,765,Romance
5215,775,Romance
5216,778,Romance
5217,781,Romance
5218,783,Romance
5219,785,Romance
5220,786,Romance
5221,794,Romance
5222,796,Romance
5223,815,Romance
5224,821,Romance
5225,835,Romance
5226,836,Romance
5227,846,Romance
5228,849,Romance
5229,855,Romance
5230,866,Romance
5231,869,Romance
5232,870,Romance
5233,872,Romance
5234,873,Romance
5235,875,Romance
5236,877,Romance
5237,886,Romance
5238,889,Romance
5239,903,Romance
5240,905,Romance
5241,906,Romance
5242,918,Romance
5243,921,Romance
5244,936,Romance
5245,938,Romance
5246,945,Romance
5247,947,Romance
5248,948,Romance
5249,949,Romance
5250,955,Romance
5251,966,Romance
5252,988,Romance
5253,990,Romance
5254,1024,Romance
5255,1028,Romance
5256,1037,Romance
5257,1040,Romance
5258,1041,Romance
5259,1048,Romance
5260,1050,Romance
5261,1072,Romance
5262,1085,Romance
5263,1089,Romance
5264,1096,Romance
5265,1100,Romance
5266,1102,Romance
5267,1115,Romance
5268,1119,Romance
5269,1124,Romance
5270,1129,Romance
5271,1132,Romance
5272,1137,Romance
5273,1152,Romance
5274,1155,Romance
5275,1160,Romance
5276,1173,Romance
5277,1175,Romance
5278,1190,Romance
5279,1203,Romance
5280,1211,Romance
5281,1212,Romance
5282,1216,Romance
5283,1219,Romance
5284,1239,Romance
5285,1258,Romance
5286,1259,Romance
5287,1262,Romance
5288,1269,Romance
5289,1286,Romance
5290,1289,Romance
5291,1290,Romance
5292,1297,Romance
5293,1299,Romance
5294,1300,Romance
5295,1315,Romance
5296,1340,Romance
5297,1353,Romance
5298,1357,Romance
5299,1377,Romance
5300,1379,Romance
5301,1385,Romance
5302,1387,Romance
5303,1394,Romance
5304,1400,Romance
5305,1406,Romance
5306,1424,Romance
5307,1429,Romance
5308,1434,Romance
5309,1436,Romance
5310,1441,Romance
5311,1450,Romance
5312,1458,Romance
5313,1462,Romance
5314,1474,Romance
5315,1483,Romance
5316,1485,Romance
5317,1487,Romance
5318,1493,Romance
5319,1502,Romance
5320,1515,Romance
5321,1521,Romance
5322,1525,Romance
5323,1526,Romance
5324,1545,Romance
5325,1563,Romance
5326,1568,Romance
5327,1580,Romance
5328,1610,Romance
5329,1612,Romance
5330,1617,Romance
5331,1652,Romance
5332,1655,Romance
5333,1656,Romance
5334,1662,Romance
5335,1679,Romance
5336,1680,Romance
5337,7,Sci-Fi
5338,38,Sci-Fi
5339,39,Sci-Fi
5340,50,Sci-Fi
5341,62,Sci-Fi
5342,82,Sci-Fi
5343,84,Sci-Fi
5344,89,Sci-Fi
5345,96,Sci-Fi
5346,101,Sci-Fi
5347,109,Sci-Fi
5348,121,Sci-Fi
5349,135,Sci-Fi
5350,141,Sci-Fi
5351,145,Sci-Fi
5352,152,Sci-Fi
5353,164,Sci-Fi
5354,171,Sci-Fi
5355,172,Sci-Fi
5356,175,Sci-Fi
5357,176,Sci-Fi
5358,179,Sci-Fi
5359,181,Sci-Fi
5360,183,Sci-Fi
5361,184,Sci-Fi
5362,195,Sci-Fi
5363,204,Sci-Fi
5364,206,Sci-Fi
5365,222,Sci-Fi
5366,227,Sci-Fi
5367,228,Sci-Fi
5368,229,Sci-Fi
5369,230,Sci-Fi
5370,235,Sci-Fi
5371,239,Sci-Fi
5372,250,Sci-Fi
5373,252,Sci-Fi
5374,257,Sci-Fi
5375,258,Sci-Fi
5376,260,Sci-Fi
5377,264,Sci-Fi
5378,270,Sci-Fi
5379,271,Sci-Fi
5380,298,Sci-Fi
5381,343,Sci-Fi
5382,353,Sci-Fi
5383,355,Sci-Fi
5384,358,Sci-Fi
5385,373,Sci-Fi
5386,380,Sci-Fi
5387,398,Sci-Fi
5388,411,Sci-Fi
5389,423,Sci-Fi
5390,426,Sci-Fi
5391,429,Sci-Fi
5392,434,Sci-Fi
5393,444,Sci-Fi
5394,449,Sci-Fi
5395,450,Sci-Fi
5396,474,Sci-Fi
5397,552,Sci-Fi
5398,560,Sci-Fi
5399,573,Sci-Fi
5400,577,Sci-Fi
5401,578,Sci-Fi
5402,590,Sci-Fi
5403,616,Sci-Fi
5404,636,Sci-Fi
5405,665,Sci-Fi
5406,670,Sci-Fi
5407,691,Sci-Fi
5408,728,Sci-Fi
5409,755,Sci-Fi
5410,758,Sci-Fi
5411,760,Sci-Fi
5412,769,Sci-Fi
5413,771,Sci-Fi
5414,797,Sci-Fi
5415,825,Sci-Fi
5416,831,Sci-Fi
5417,897,Sci-Fi
5418,916,Sci-Fi
5419,919,Sci-Fi
5420,925,Sci-Fi
5421,931,Sci-Fi
5422,976,Sci-Fi
5423,1006,Sci-Fi
5424,1110,Sci-Fi
5425,1154,Sci-Fi
5426,1159,Sci-Fi
5427,1210,Sci-Fi
5428,1215,Sci-Fi
5429,1240,Sci-Fi
5430,1274,Sci-Fi
5431,1293,Sci-Fi
5432,1386,Sci-Fi
5433,1411,Sci-Fi
5434,1416,Sci-Fi
5435,1419,Sci-Fi
5436,1472,Sci-Fi
5437,1596,Sci-Fi
5438,2,Thriller
5439,3,Thriller
5440,5,Thriller
5441,11,Thriller
5442,12,Thriller
5443,17,Thriller
5444,21,Thriller
5445,23,Thriller
5446,28,Thriller
5447,31,Thriller
5448,33,Thriller
5449,38,Thriller
5450,43,Thriller
5451,44,Thriller
5452,53,Thriller
5453,54,Thriller
5454,55,Thriller
5455,68,Thriller
5456,77,Thriller
5457,79,Thriller
5458,90,Thriller
5459,96,Thriller
5460,98,Thriller
5461,100,Thriller
5462,106,Thriller
5463,117,Thriller
5464,118,Thriller
5465,128,Thriller
5466,129,Thriller
5467,135,Thriller
5468,144,Thriller
5469,145,Thriller
5470,147,Thriller
5471,156,Thriller
5472,159,Thriller
5473,164,Thriller
5474,176,Thriller
5475,183,Thriller
5476,185,Thriller
5477,195,Thriller
5478,198,Thriller
5479,206,Thriller
5480,218,Thriller
5481,223,Thriller
5482,226,Thriller
5483,244,Thriller
5484,245,Thriller
5485,252,Thriller
5486,260,Thriller
5487,264,Thriller
5488,265,Thriller
5489,270,Thriller
5490,273,Thriller
5491,281,Thriller
5492,288,Thriller
5493,291,Thriller
5494,295,Thriller
5495,298,Thriller
5496,300,Thriller
5497,302,Thriller
5498,307,Thriller
5499,311,Thriller
5500,315,Thriller
5501,322,Thriller
5502,323,Thriller
5503,325,Thriller
5504,328,Thriller
5505,329,Thriller
5506,331,Thriller
5507,332,Thriller
5508,333,Thriller
5509,336,Thriller
5510,337,Thriller
5511,348,Thriller
5512,349,Thriller
5513,350,Thriller
5514,355,Thriller
5515,356,Thriller
5516,358,Thriller
5517,359,Thriller
5518,361,Thriller
5519,370,Thriller
5520,402,Thriller
5521,406,Thriller
5522,408,Thriller
5523,426,Thriller
5524,466,Thriller
5525,479,Thriller
5526,480,Thriller
5527,489,Thriller
5528,490,Thriller
5529,505,Thriller
5530,513,Thriller
5531,546,Thriller
5532,550,Thriller
5533,558,Thriller
5534,565,Thriller
5535,566,Thriller
5536,568,Thriller
5537,571,Thriller
5538,572,Thriller
5539,573,Thriller
5540,574,Thriller
5541,581,Thriller
5542,583,Thriller
5543,591,Thriller
5544,592,Thriller
5545,595,Thriller
5546,597,Thriller
5547,603,Thriller
5548,607,Thriller
5549,608,Thriller
5550,615,Thriller
5551,619,Thriller
5552,636,Thriller
5553,649,Thriller
5554,653,Thriller
5555,654,Thriller
5556,656,Thriller
5557,657,Thriller
5558,659,Thriller
5559,665,Thriller
5560,670,Thriller
5561,673,Thriller
5562,678,Thriller
5563,682,Thriller
5564,684,Thriller
5565,685,Thriller
5566,689,Thriller
5567,691,Thriller
5568,696,Thriller
5569,717,Thriller
5570,741,Thriller
5571,742,Thriller
5572,743,Thriller
5573,748,Thriller
5574,751,Thriller
5575,752,Thriller
5576,754,Thriller
5577,758,Thriller
5578,761,Thriller
5579,770,Thriller
5580,771,Thriller
5581,773,Thriller
5582,788,Thriller
5583,800,Thriller
5584,802,Thriller
5585,823,Thriller
5586,825,Thriller
5587,827,Thriller
5588,830,Thriller
5589,831,Thriller
5590,834,Thriller
5591,839,Thriller
5592,841,Thriller
5593,848,Thriller
5594,852,Thriller
5595,855,Thriller
5596,860,Thriller
5597,879,Thriller
5598,886,Thriller
5599,895,Thriller
5600,902,Thriller
5601,912,Thriller
5602,914,Thriller
5603,916,Thriller
5604,917,Thriller
5605,925,Thriller
5606,930,Thriller
5607,931,Thriller
5608,939,Thriller
5609,943,Thriller
5610,945,Thriller
5611,963,Thriller
5612,974,Thriller
5613,975,Thriller
5614,976,Thriller
5615,978,Thriller
5616,979,Thriller
5617,982,Thriller
5618,983,Thriller
5619,984,Thriller
5620,986,Thriller
5621,987,Thriller
5622,992,Thriller
5623,1013,Thriller
5624,1016,Thriller
5625,1019,Thriller
5626,1020,Thriller
5627,1025,Thriller
5628,1038,Thriller
5629,1042,Thriller
5630,1046,Thriller
5631,1069,Thriller
5632,1073,Thriller
5633,1077,Thriller
5634,1083,Thriller
5635,1089,Thriller
5636,1090,Thriller
5637,1105,Thriller
5638,1109,Thriller
5639,1125,Thriller
5640,1131,Thriller
5641,1139,Thriller
5642,1143,Thriller
5643,1174,Thriller
5644,1198,Thriller
5645,1207,Thriller
5646,1208,Thriller
5647,1210,Thriller
5648,1213,Thriller
5649,1217,Thriller
5650,1229,Thriller
5651,1248,Thriller
5652,1253,Thriller
5653,1273,Thriller
5654,1274,Thriller
5655,1275,Thriller
5656,1313,Thriller
5657,1314,Thriller
5658,1324,Thriller
5659,1370,Thriller
5660,1393,Thriller
5661,1399,Thriller
5662,1422,Thriller
5663,1431,Thriller
5664,1451,Thriller
5665,1471,Thriller
5666,1477,Thriller
5667,1491,Thriller
5668,1508,Thriller
5669,1522,Thriller
5670,1526,Thriller
5671,1548,Thriller
5672,1549,Thriller
5673,1553,Thriller
5674,1556,Thriller
5675,1559,Thriller
5676,1579,Thriller
5677,1595,Thriller
5678,1596,Thriller
5679,1598,Thriller
5680,1601,Thriller
5681,1604,Thriller
5682,1621,Thriller
5683,1624,Thriller
5684,1625,Thriller
5685,1651,Thriller
5686,1670,Thriller
5687,1673,Thriller
5688,1679,Thriller
5689,10,War
5690,22,War
5691,31,War
5692,50,War
5693,51,War
5694,69,War
5695,80,War
5696,110,War
5697,121,War
5698,133,War
5699,157,War
5700,172,War
5701,176,War
5702,180,War
5703,181,War
5704,188,War
5705,190,War
5706,199,War
5707,205,War
5708,211,War
5709,214,War
5710,235,War
5711,241,War
5712,245,War
5713,271,War
5714,286,War
5715,318,War
5716,326,War
5717,426,War
5718,430,War
5719,471,War
5720,474,War
5721,483,War
5722,498,War
5723,502,War
5724,511,War
5725,515,War
5726,520,War
5727,521,War
5728,528,War
5729,549,War
5730,593,War
5731,601,War
5732,631,War
5733,641,War
5734,647,War
5735,651,War
5736,687,War
5737,690,War
5738,719,War
5739,744,War
5740,803,War
5741,879,War
5742,891,War
5743,935,War
5744,944,War
5745,971,War
5746,1065,War
5747,1124,War
5748,1152,War
5749,1176,War
5750,1185,War
5751,1204,War
5752,1357,War
5753,1423,War
5754,1485,War
5755,1501,War
5756,1529,War
5757,1574,War
5758,1632,War
5759,1663,War
5760,51,Western
5761,73,Western
5762,97,Western
5763,177,Western
5764,203,Western
5765,232,Western
5766,415,Western
5767,435,Western
5768,470,Western
5769,510,Western
5770,556,Western
5771,562,Western
5772,570,Western
5773,575,Western
5774,589,Western
5775,621,Western
5776,646,Western
5777,661,Western
5778,840,Western
5779,922,Western
5780,1000,Western
5781,1004,Western
5782,1188,Western
5783,1247,Western
5784,1454,Western
5785,1455,Western
5786,1587,Western
